Mark	Jacobs	1-(239)342-5795	967 Spohn Junction	967 Spohn Junction	Cape Coral	Florida	33915
Tina	Wallace	1-(434)129-3188	421 Milwaukee Plaza	421 Milwaukee Plaza	Charlottesville	Virginia	22903
Johnny	Rose	1-(281)114-9744	443 Myrtle Alley	443 Myrtle Alley	Humble	Texas	77346
Elizabeth	Watkins	1-(260)294-6450	114 Sundown Way	114 Sundown Way	Fort Wayne	Indiana	46862
Maria	Shaw	1-(916)446-7858	4 Annamark Terrace	4 Annamark Terrace	Sacramento	California	94286
Bobby	Mills	1-(407)209-3612	671 Maple Place	671 Maple Place	Orlando	Florida	32830
William	Powell	1-(205)174-1663	33174 Walton Drive	33174 Walton Drive	Birmingham	Alabama	35220
Julie	Elliott	1-(215)738-9110	5 East Place	5 East Place	Philadelphia	Pennsylvania	19160
Ernest	Robertson	1-(260)261-7898	87929 Vera Parkway	87929 Vera Parkway	Fort Wayne	Indiana	46867
Virginia	Howell	1-(304)989-2756	7 Elka Terrace	7 Elka Terrace	Charleston	West Virginia	25313
Beverly	Armstrong	1-(765)911-6238	235 Lindbergh Place	235 Lindbergh Place	Crawfordsville	Indiana	47937
Bobby	Jones	1-(571)295-6888	53459 Rigney Trail	53459 Rigney Trail	Ashburn	Virginia	22093
Frances	Rodriguez	1-(415)290-7234	43628 Golden Leaf Avenue	43628 Golden Leaf Avenue	San Francisco	California	94154
Kelly	Franklin	1-(281)218-6367	62259 Superior Pass	62259 Superior Pass	Houston	Texas	77065
Barbara	Alexander	1-(240)448-1091	209 Dovetail Park	209 Dovetail Park	Silver Spring	Maryland	20910
Rachel	Hart	1-(864)488-0043	79 Dunning Park	79 Dunning Park	Greenville	South Carolina	29615
Joshua	Riley	1-(571)137-1515	5 Westend Pass	5 Westend Pass	Arlington	Virginia	22225
Aaron	Jacobs	1-(817)714-9620	62688 Killdeer Junction	62688 Killdeer Junction	Fort Worth	Texas	76121
Anna	Thompson	1-(361)515-1658	1 Portage Court	1 Portage Court	Corpus Christi	Texas	78475
Janice	Nguyen	1-(704)367-1933	07 Dapin Junction	07 Dapin Junction	Charlotte	North Carolina	28225
Johnny	Cole	1-(317)678-4113	148 Mallory Terrace	148 Mallory Terrace	Indianapolis	Indiana	46207
Joe	Walker	1-(989)489-7128	869 Oak Center	869 Oak Center	Midland	Michigan	48670
Joe	Willis	1-(432)728-6727	2 Blue Bill Park Road	2 Blue Bill Park Road	Midland	Texas	79705
Marie	Oliver	1-(808)593-0427	98535 Kipling Drive	98535 Kipling Drive	Honolulu	Hawaii	96815
Jesse	Cox	1-(971)536-6077	5 Thompson Trail	5 Thompson Trail	Portland	Oregon	97240
Kathleen	Peterson	1-(406)187-5070	451 5th Plaza	451 5th Plaza	Bozeman	Montana	59771
Rachel	Spencer	1-(850)265-5285	79019 Glacier Hill Place	79019 Glacier Hill Place	Tallahassee	Florida	32399
Diane	Fields	1-(865)905-2076	732 Fulton Plaza	732 Fulton Plaza	Knoxville	Tennessee	37995
Richard	Young	1-(478)350-2023	4 Scott Lane	4 Scott Lane	Macon	Georgia	31296
Mark	Carr	1-(334)741-3010	6910 Holy Cross Parkway	6910 Holy Cross Parkway	Montgomery	Alabama	36134
Ruth	Cox	1-(714)142-1709	92873 Russell Circle	92873 Russell Circle	Garden Grove	California	92844
Marie	Weaver	1-(202)693-5722	0334 Forest Run Point	0334 Forest Run Point	Washington	District of Columbia	20215
Timothy	Hunt	1-(251)700-6413	140 Warrior Trail	140 Warrior Trail	Mobile	Alabama	36628
Stephanie	Miller	1-(213)682-5131	0 Scott Parkway	0 Scott Parkway	Los Angeles	California	90050
Frank	Watkins	1-(770)523-5923	12716 Corscot Road	12716 Corscot Road	Lawrenceville	Georgia	30245
Jennifer	Cook	1-(202)895-3668	6599 Kennedy Road	6599 Kennedy Road	Washington	District of Columbia	20575
Terry	Hunt	1-(213)292-4264	14282 Gale Place	14282 Gale Place	Los Angeles	California	90087
Judith	Williams	1-(702)601-0530	4 Haas Park	4 Haas Park	Las Vegas	Nevada	89160
Juan	Grant	1-(402)951-7737	4 Kensington Crossing	4 Kensington Crossing	Omaha	Nebraska	68105
Doris	Hall	1-(812)646-9282	9457 Summerview Drive	9457 Summerview Drive	Evansville	Indiana	47719
Lori	Simpson	1-(718)849-8029	26708 Ludington Plaza	26708 Ludington Plaza	Brooklyn	New York	11220
Joseph	Cook	1-(850)639-9606	52 Schlimgen Terrace	52 Schlimgen Terrace	Panama City	Florida	32412
Nicole	Martinez	1-(972)833-0610	007 South Way	007 South Way	Garland	Texas	75044
Rachel	Porter	1-(216)639-5256	10379 Sugar Center	10379 Sugar Center	Cleveland	Ohio	44197
Evelyn	Hamilton	1-(518)457-7804	8142 Cascade Hill	8142 Cascade Hill	Schenectady	New York	12305
Heather	Willis	1-(718)799-0612	49 Stone Corner Junction	49 Stone Corner Junction	Brooklyn	New York	11236
Todd	Davis	1-(803)806-4731	4637 Bashford Point	4637 Bashford Point	Columbia	South Carolina	29203
Lillian	Diaz	1-(515)656-6427	6953 Becker Junction	6953 Becker Junction	Des Moines	Iowa	50347
Adam	Cole	1-(619)293-4208	43200 Blue Bill Park Circle	43200 Blue Bill Park Circle	San Diego	California	92165
Betty	Armstrong	1-(717)911-5344	00 Schlimgen Terrace	00 Schlimgen Terrace	Harrisburg	Pennsylvania	17121
Scott	Diaz	1-(316)324-1964	99 Lillian Plaza	99 Lillian Plaza	Wichita	Kansas	67236
Gerald	Lynch	1-(504)911-6454	95847 Southridge Hill	95847 Southridge Hill	New Orleans	Louisiana	70149
Justin	Riley	1-(862)872-8240	64 Lukken Trail	64 Lukken Trail	Paterson	New Jersey	07544
Christina	Crawford	1-(512)571-0457	7410 Bluestem Parkway	7410 Bluestem Parkway	Austin	Texas	78769
Debra	Bradley	1-(214)286-4954	6067 Dorton Drive	6067 Dorton Drive	Dallas	Texas	75342
Martha	Lane	1-(802)193-8178	6883 Basil Way	6883 Basil Way	Montpelier	Vermont	05609
Sara	Rivera	1-(253)542-2778	4 Katie Plaza	4 Katie Plaza	Tacoma	Washington	98417
Bobby	Reid	1-(727)569-4161	33 Quincy Trail	33 Quincy Trail	Saint Petersburg	Florida	33710
Bobby	Reed	1-(319)796-3514	29261 Texas Way	29261 Texas Way	Cedar Rapids	Iowa	52410
Mark	Fields	1-(702)913-1203	4143 John Wall Trail	4143 John Wall Trail	Las Vegas	Nevada	89110
Timothy	Pierce	1-(405)159-5029	135 Heath Circle	135 Heath Circle	Edmond	Oklahoma	73034
Kathy	Oliver	1-(202)199-3142	53045 Carberry Point	53045 Carberry Point	Washington	District of Columbia	20370
Justin	James	1-(559)130-6701	709 Blackbird Circle	709 Blackbird Circle	Fresno	California	93786
Deborah	Carter	1-(512)362-0621	19 Farragut Junction	19 Farragut Junction	Austin	Texas	78783
Russell	Burke	1-(602)181-5453	2044 Johnson Center	2044 Johnson Center	Mesa	Arizona	85205
Johnny	Smith	1-(202)694-3880	4 Acker Court	4 Acker Court	Washington	District of Columbia	20220
Christopher	White	1-(304)597-4775	4 Hauk Terrace	4 Hauk Terrace	Huntington	West Virginia	25709
Elizabeth	Wilson	1-(304)115-0448	65 Melvin Place	65 Melvin Place	Charleston	West Virginia	25331
Joe	Thomas	1-(979)964-9496	6 1st Trail	6 1st Trail	College Station	Texas	77844
Martha	Mendoza	1-(817)716-9243	492 Northview Road	492 Northview Road	Arlington	Texas	76004
Philip	Reid	1-(215)920-3027	75 Eagle Crest Plaza	75 Eagle Crest Plaza	Philadelphia	Pennsylvania	19196
Wayne	Murray	1-(763)920-9771	58493 Petterle Avenue	58493 Petterle Avenue	Maple Plain	Minnesota	55572
Lawrence	Smith	1-(864)579-2894	3 Cody Junction	3 Cody Junction	Anderson	South Carolina	29625
Mary	Gilbert	1-(209)992-6912	90920 Cardinal Place	90920 Cardinal Place	Modesto	California	95397
Carl	Graham	1-(415)364-5055	52543 Towne Drive	52543 Towne Drive	San Francisco	California	94132
Johnny	Campbell	1-(704)254-2799	9511 Dottie Court	9511 Dottie Court	Charlotte	North Carolina	28242
Jessica	Lawrence	1-(718)911-3533	1 Maple Way	1 Maple Way	Jamaica	New York	11470
Alice	Turner	1-(214)983-2248	50 Summerview Circle	50 Summerview Circle	Dallas	Texas	75216
Gary	Pierce	1-(646)713-5749	3928 Granby Court	3928 Granby Court	New York City	New York	10009
Tammy	Pierce	1-(253)334-4787	597 Briar Crest Circle	597 Briar Crest Circle	Lakewood	Washington	98498
Steve	Webb	1-(843)467-1844	0301 International Street	0301 International Street	Florence	South Carolina	29505
Alice	Barnes	1-(786)178-9937	49 Quincy Point	49 Quincy Point	Miami	Florida	33158
Cheryl	Bishop	1-(404)906-8416	3507 Gerald Place	3507 Gerald Place	Atlanta	Georgia	30358
Gerald	Larson	1-(850)705-9186	5866 Rigney Trail	5866 Rigney Trail	Panama City	Florida	32405
Charles	Miller	1-(516)969-0370	3511 Marquette Circle	3511 Marquette Circle	Great Neck	New York	11024
Jessica	Butler	1-(478)169-8547	383 Drewry Court	383 Drewry Court	Macon	Georgia	31205
Andrew	Williamson	1-(253)290-9243	75 Mitchell Hill	75 Mitchell Hill	Tacoma	Washington	98417
Tina	Fox	1-(212)543-2558	7643 Steensland Junction	7643 Steensland Junction	Jamaica	New York	11431
Joseph	Davis	1-(704)644-4541	884 Debra Crossing	884 Debra Crossing	Charlotte	North Carolina	28284
Carol	Ryan	1-(915)401-9859	8602 Maryland Drive	8602 Maryland Drive	El Paso	Texas	79940
Teresa	Stewart	1-(570)246-0008	7322 Schlimgen Drive	7322 Schlimgen Drive	Scranton	Pennsylvania	18505
Julia	Moreno	1-(212)691-7788	4 Pepper Wood Circle	4 Pepper Wood Circle	New York City	New York	10184
Judy	Nichols	1-(202)824-2490	5095 Granby Pass	5095 Granby Pass	Washington	District of Columbia	20546
Julia	Long	1-(818)796-5458	4159 Bellgrove Plaza	4159 Bellgrove Plaza	Torrance	California	90510
Jesse	Kim	1-(434)426-8175	083 Kim Way	083 Kim Way	Lynchburg	Virginia	24503
Ann	Day	1-(813)414-6057	77945 Lakewood Gardens Parkway	77945 Lakewood Gardens Parkway	Tampa	Florida	33680
Johnny	Riley	1-(303)345-3126	62831 Debra Road	62831 Debra Road	Denver	Colorado	80241
Christina	Hill	1-(814)243-9243	35 Farragut Circle	35 Farragut Circle	Erie	Pennsylvania	16534
Joseph	Dunn	1-(419)137-0603	3290 Reinke Terrace	3290 Reinke Terrace	Toledo	Ohio	43605
Stephen	Butler	1-(973)992-6047	56 Artisan Junction	56 Artisan Junction	Paterson	New Jersey	07522
Judy	Griffin	1-(562)205-6379	25 Maple Wood Parkway	25 Maple Wood Parkway	San Francisco	California	94110
Martin	Dunn	1-(478)531-6672	79531 Coleman Alley	79531 Coleman Alley	Macon	Georgia	31210
Howard	Wilson	1-(812)677-9136	25225 Twin Pines Road	25225 Twin Pines Road	Terre Haute	Indiana	47812
Jane	Payne	1-(212)257-0023	06490 Northview Drive	06490 Northview Drive	Brooklyn	New York	11247
Deborah	Sanchez	1-(347)707-2773	65 Fulton Place	65 Fulton Place	Brooklyn	New York	11241
Ann	Robinson	1-(804)738-9558	8 Dahle Plaza	8 Dahle Plaza	Richmond	Virginia	23293
Russell	Welch	1-(513)494-3415	536 Straubel Road	536 Straubel Road	Cincinnati	Ohio	45243
Joshua	Gutierrez	1-(713)181-7782	20007 Eagle Crest Lane	20007 Eagle Crest Lane	Houston	Texas	77015
Joshua	Schmidt	1-(857)670-3140	6 Buhler Hill	6 Buhler Hill	Newton	Massachusetts	02458
Marie	Greene	1-(313)796-0656	02392 Crowley Terrace	02392 Crowley Terrace	Detroit	Michigan	48267
Jacqueline	Hudson	1-(972)634-6829	7949 Kings Parkway	7949 Kings Parkway	Arlington	Texas	76016
Jack	Palmer	1-(352)752-8345	1 Summer Ridge Avenue	1 Summer Ridge Avenue	Gainesville	Florida	32627
Mark	Phillips	1-(949)669-8073	2603 Warrior Avenue	2603 Warrior Avenue	Irvine	California	92619
Karen	Perry	1-(312)627-0698	75208 Havey Park	75208 Havey Park	Chicago	Illinois	60619
William	Mccoy	1-(720)396-6594	1458 Dexter Place	1458 Dexter Place	Denver	Colorado	80249
Heather	Williams	1-(225)205-1903	72 Kinsman Way	72 Kinsman Way	Baton Rouge	Louisiana	70805
Steve	Allen	1-(281)735-6675	82 Westridge Point	82 Westridge Point	Houston	Texas	77035
Harold	Riley	1-(559)251-8557	4 Old Shore Way	4 Old Shore Way	Fresno	California	93786
Kenneth	Boyd	1-(518)318-5045	700 Burrows Place	700 Burrows Place	Albany	New York	12237
Linda	Kim	1-(571)359-3184	64511 Gulseth Park	64511 Gulseth Park	Alexandria	Virginia	22333
Adam	Gomez	1-(571)140-5302	57 Bonner Junction	57 Bonner Junction	Ashburn	Virginia	22093
Ronald	Gomez	1-(361)704-4605	55572 Prairieview Road	55572 Prairieview Road	Corpus Christi	Texas	78405
Carolyn	Stephens	1-(706)373-0857	06 Drewry Junction	06 Drewry Junction	Augusta	Georgia	30911
Alice	Morales	1-(651)307-6363	2 Northridge Terrace	2 Northridge Terrace	Saint Paul	Minnesota	55188
Bruce	Ryan	1-(770)320-3997	1 Walton Road	1 Walton Road	Norcross	Georgia	30092
Eugene	Hill	1-(202)162-6552	9757 Prairie Rose Way	9757 Prairie Rose Way	Washington	District of Columbia	20215
Cynthia	Baker	1-(260)464-6976	724 Brown Alley	724 Brown Alley	Fort Wayne	Indiana	46805
Frank	Cox	1-(918)764-7536	81123 Pine View Avenue	81123 Pine View Avenue	Tulsa	Oklahoma	74156
Scott	Stewart	1-(617)954-4422	865 Meadow Vale Park	865 Meadow Vale Park	Boston	Massachusetts	02119
Harold	Thompson	1-(215)568-1513	1 Dennis Plaza	1 Dennis Plaza	Philadelphia	Pennsylvania	19093
Kenneth	Duncan	1-(623)328-2469	1 Debs Pass	1 Debs Pass	Phoenix	Arizona	85035
Lawrence	Bowman	1-(612)130-3153	7065 Kings Circle	7065 Kings Circle	Minneapolis	Minnesota	55417
Gerald	Mccoy	1-(757)903-2128	36 Main Lane	36 Main Lane	Virginia Beach	Virginia	23471
Willie	Palmer	1-(513)760-6683	74 Veith Pass	74 Veith Pass	Cincinnati	Ohio	45208
Bonnie	Morgan	1-(702)586-2104	07 Charing Cross Lane	07 Charing Cross Lane	Las Vegas	Nevada	89145
Robert	Mills	1-(520)842-7016	4 Norway Maple Place	4 Norway Maple Place	Tucson	Arizona	85743
Jeffrey	Taylor	1-(815)406-8818	84 Monica Junction	84 Monica Junction	Rockford	Illinois	61110
Alan	Rodriguez	1-(206)674-1284	1118 Fieldstone Plaza	1118 Fieldstone Plaza	Seattle	Washington	98175
Kimberly	Collins	1-(802)997-7571	2644 Schiller Parkway	2644 Schiller Parkway	Montpelier	Vermont	05609
Shirley	Martin	1-(269)820-8583	7237 Susan Street	7237 Susan Street	Battle Creek	Michigan	49018
Theresa	Lawson	1-(215)531-4097	780 Portage Terrace	780 Portage Terrace	Philadelphia	Pennsylvania	19146
Louis	Ortiz	1-(404)154-3113	5024 Blackbird Alley	5024 Blackbird Alley	Alpharetta	Georgia	30022
Daniel	Brown	1-(602)712-3082	27 East Street	27 East Street	Phoenix	Arizona	85099
Anthony	Hansen	1-(337)522-4985	9 Mayer Court	9 Mayer Court	Lafayette	Louisiana	70505
Maria	Watkins	1-(202)271-6288	14 Shoshone Drive	14 Shoshone Drive	Washington	District of Columbia	20220
Jimmy	Lane	1-(917)368-1448	71 John Wall Street	71 John Wall Street	Bronx	New York	10464
Janet	Wheeler	1-(601)297-4869	58 Pond Place	58 Pond Place	Jackson	Mississippi	39210
Jesse	Henry	1-(865)245-9021	0 Spaight Junction	0 Spaight Junction	Knoxville	Tennessee	37931
Diana	Jones	1-(505)632-7625	01679 Cardinal Terrace	01679 Cardinal Terrace	Santa Fe	New Mexico	87505
Clarence	Spencer	1-(213)175-6904	11083 Hoepker Center	11083 Hoepker Center	Los Angeles	California	90050
Sharon	Lopez	1-(904)992-5808	0337 Fair Oaks Hill	0337 Fair Oaks Hill	Jacksonville	Florida	32204
Albert	Black	1-(504)516-2640	1418 Starling Court	1418 Starling Court	New Orleans	Louisiana	70179
Elizabeth	Romero	1-(206)293-9282	6 Lotheville Place	6 Lotheville Place	Seattle	Washington	98195
Christine	Perkins	1-(217)507-1248	351 Oneill Circle	351 Oneill Circle	Springfield	Illinois	62756
Walter	Garrett	1-(919)688-3621	79 Grasskamp Junction	79 Grasskamp Junction	Raleigh	North Carolina	27621
Robert	Ross	1-(228)774-1336	1917 Vernon Point	1917 Vernon Point	Gulfport	Mississippi	39505
Andrew	Walker	1-(504)732-1389	19713 Goodland Hill	19713 Goodland Hill	Metairie	Louisiana	70033
Nicholas	Hamilton	1-(302)385-6108	68 Paget Drive	68 Paget Drive	Wilmington	Delaware	19810
Steven	Stevens	1-(858)908-4389	39 Lerdahl Hill	39 Lerdahl Hill	San Diego	California	92105
Irene	Gray	1-(214)554-6479	759 Loomis Avenue	759 Loomis Avenue	Dallas	Texas	75210
Carolyn	Price	1-(804)777-9314	43 Golf Course Avenue	43 Golf Course Avenue	Richmond	Virginia	23208
Carolyn	Williams	1-(816)925-3310	131 Knutson Drive	131 Knutson Drive	Kansas City	Missouri	64125
Jane	Stone	1-(618)678-6706	8 Melody Avenue	8 Melody Avenue	East Saint Louis	Illinois	62205
Robert	Stevens	1-(772)196-9839	635 Coleman Circle	635 Coleman Circle	Fort Pierce	Florida	34981
Joyce	Ramos	1-(409)696-6044	943 Loftsgordon Park	943 Loftsgordon Park	Beaumont	Texas	77705
Ernest	Lane	1-(915)757-5392	5 Luster Parkway	5 Luster Parkway	El Paso	Texas	79994
Donna	James	1-(727)577-0748	6 Farmco Point	6 Farmco Point	Saint Petersburg	Florida	33731
Christopher	Wallace	1-(336)106-6705	58490 Pankratz Park	58490 Pankratz Park	High Point	North Carolina	27264
Anna	Stevens	1-(562)474-2437	4133 Oriole Court	4133 Oriole Court	Whittier	California	90610
Rose	Stone	1-(916)245-2747	9522 Mariners Cove Terrace	9522 Mariners Cove Terrace	Sacramento	California	94273
Phyllis	Daniels	1-(913)913-2675	8 Logan Junction	8 Logan Junction	Shawnee Mission	Kansas	66276
Jeffrey	Arnold	1-(361)153-0808	957 Kinsman Road	957 Kinsman Road	Corpus Christi	Texas	78405
James	Harris	1-(317)182-4284	847 Jenifer Road	847 Jenifer Road	Indianapolis	Indiana	46231
George	Lawson	1-(202)315-4905	882 Sunbrook Way	882 Sunbrook Way	Washington	District of Columbia	20470
Susan	Howard	1-(701)192-6619	053 Elmside Parkway	053 Elmside Parkway	Bismarck	North Dakota	58505
Peter	Myers	1-(334)525-5820	42958 Crest Line Park	42958 Crest Line Park	Montgomery	Alabama	36125
Ronald	Pierce	1-(919)670-9983	41489 Prairie Rose Junction	41489 Prairie Rose Junction	Raleigh	North Carolina	27658
Stephanie	Bishop	1-(605)611-7566	2 Mandrake Street	2 Mandrake Street	Sioux Falls	South Dakota	57110
Cynthia	Montgomery	1-(843)117-8185	47719 Dunning Street	47719 Dunning Street	Charleston	South Carolina	29411
Diana	Morris	1-(239)542-2923	75 Pankratz Circle	75 Pankratz Circle	Lehigh Acres	Florida	33972
Jean	Little	1-(484)314-7414	3995 Red Cloud Alley	3995 Red Cloud Alley	Valley Forge	Pennsylvania	19495
Craig	Coleman	1-(571)873-0976	84 Mesta Lane	84 Mesta Lane	Arlington	Virginia	22217
Jane	Porter	1-(205)231-7215	485 Dottie Hill	485 Dottie Hill	Birmingham	Alabama	35285
Adam	White	1-(915)699-9845	5 Heath Parkway	5 Heath Parkway	El Paso	Texas	79955
Jeremy	Baker	1-(619)265-1309	9 Burrows Point	9 Burrows Point	San Diego	California	92160
Cynthia	Freeman	1-(918)876-8469	464 Schlimgen Terrace	464 Schlimgen Terrace	Tulsa	Oklahoma	74126
Kevin	Shaw	1-(770)808-8093	11001 Debs Park	11001 Debs Park	Atlanta	Georgia	30301
Anna	Black	1-(518)101-8936	122 Westridge Center	122 Westridge Center	Albany	New York	12205
Keith	Cooper	1-(559)911-1491	2051 Brown Crossing	2051 Brown Crossing	Fresno	California	93750
Chris	Tucker	1-(773)767-9526	83100 Carberry Alley	83100 Carberry Alley	Chicago	Illinois	60652
James	Stone	1-(616)126-9022	319 Ilene Terrace	319 Ilene Terrace	Grand Rapids	Michigan	49510
Jason	Long	1-(205)941-1683	5 Rutledge Pass	5 Rutledge Pass	Birmingham	Alabama	35263
Carol	Edwards	1-(513)119-2158	11656 5th Terrace	11656 5th Terrace	Cincinnati	Ohio	45208
Scott	Evans	1-(615)401-7842	71807 Oriole Circle	71807 Oriole Circle	Nashville	Tennessee	37235
Barbara	Garrett	1-(205)580-8508	8 Clove Road	8 Clove Road	Birmingham	Alabama	35220
Nicholas	Morales	1-(509)865-0026	96700 Anniversary Drive	96700 Anniversary Drive	Spokane	Washington	99252
Paula	Matthews	1-(213)812-4195	2021 Bellgrove Drive	2021 Bellgrove Drive	Los Angeles	California	90189
Joyce	Crawford	1-(423)538-7583	40 Crowley Court	40 Crowley Court	Johnson City	Tennessee	37605
Marie	Jacobs	1-(775)740-7293	2 Commercial Lane	2 Commercial Lane	Reno	Nevada	89505
Kathleen	Scott	1-(801)328-7517	6 Oak Valley Point	6 Oak Valley Point	Salt Lake City	Utah	84110
Patrick	Myers	1-(727)645-7391	726 Rutledge Crossing	726 Rutledge Crossing	Saint Petersburg	Florida	33710
Kathy	Reed	1-(818)213-1289	6712 Parkside Junction	6712 Parkside Junction	Torrance	California	90510
Jonathan	Ryan	1-(989)588-1795	45 Havey Place	45 Havey Place	Saginaw	Michigan	48609
Antonio	Oliver	1-(972)865-9152	8545 Granby Plaza	8545 Granby Plaza	Dallas	Texas	75221
Maria	Ferguson	1-(312)818-7749	6537 Monica Way	6537 Monica Way	Chicago	Illinois	60674
Ronald	Ellis	1-(309)507-2166	859 New Castle Plaza	859 New Castle Plaza	Carol Stream	Illinois	60158
Steven	Ellis	1-(325)743-2281	130 Crest Line Alley	130 Crest Line Alley	San Angelo	Texas	76905
Justin	Brooks	1-(330)747-6142	6421 Cambridge Hill	6421 Cambridge Hill	Youngstown	Ohio	44511
Marie	Chapman	1-(941)522-0768	1 International Point	1 International Point	North Port	Florida	34290
Phillip	Sanders	1-(907)450-5977	271 Orin Way	271 Orin Way	Anchorage	Alaska	99512
Lois	Mitchell	1-(951)838-6059	34875 Towne Street	34875 Towne Street	Riverside	California	92519
Judith	Simpson	1-(813)940-0783	8382 Gateway Court	8382 Gateway Court	Tampa	Florida	33620
Bonnie	Daniels	1-(804)992-7385	411 Jay Drive	411 Jay Drive	Richmond	Virginia	23260
Gloria	Miller	1-(754)291-2804	1 Stang Parkway	1 Stang Parkway	Fort Lauderdale	Florida	33355
Albert	Lane	1-(716)872-8127	82 Kipling Alley	82 Kipling Alley	Buffalo	New York	14276
Amy	Rose	1-(208)343-4759	3352 Sauthoff Point	3352 Sauthoff Point	Boise	Idaho	83716
Frances	Carroll	1-(302)405-3888	011 Doe Crossing Pass	011 Doe Crossing Pass	Newark	Delaware	19725
Howard	Vasquez	1-(808)325-9471	9247 Weeping Birch Trail	9247 Weeping Birch Trail	Honolulu	Hawaii	96825
Carol	Cox	1-(510)303-5595	837 1st Junction	837 1st Junction	Berkeley	California	94712
Sara	Lane	1-(702)703-0513	0892 Anderson Court	0892 Anderson Court	Las Vegas	Nevada	89155
Katherine	Austin	1-(904)745-5712	976 Stephen Plaza	976 Stephen Plaza	Jacksonville	Florida	32255
Martha	Hawkins	1-(815)196-9815	06387 Comanche Circle	06387 Comanche Circle	Joliet	Illinois	60435
Roy	Ryan	1-(407)182-8190	7 Autumn Leaf Pass	7 Autumn Leaf Pass	Orlando	Florida	32813
Carol	Smith	1-(315)615-7667	36092 5th Way	36092 5th Way	Rochester	New York	14614
Judy	Rogers	1-(574)170-7380	0 Sloan Plaza	0 Sloan Plaza	South Bend	Indiana	46614
Laura	Jones	1-(502)250-0827	275 Sugar Hill	275 Sugar Hill	Louisville	Kentucky	40256
Raymond	Gibson	1-(505)642-0029	365 Melrose Pass	365 Melrose Pass	Albuquerque	New Mexico	87201
Patricia	Willis	1-(813)894-6726	6 Westerfield Circle	6 Westerfield Circle	Clearwater	Florida	33758
Daniel	West	1-(314)113-4877	80370 Raven Court	80370 Raven Court	Saint Louis	Missouri	63136
Martin	Day	1-(786)334-7967	79 Fulton Alley	79 Fulton Alley	Miami	Florida	33153
Christine	Gonzalez	1-(210)290-1819	3 International Lane	3 International Lane	San Antonio	Texas	78215
Paul	Gibson	1-(916)919-8305	52449 Aberg Hill	52449 Aberg Hill	Sacramento	California	95852
Michael	Bowman	1-(512)681-4256	265 Dapin Crossing	265 Dapin Crossing	Austin	Texas	78759
Billy	Roberts	1-(412)396-0625	53 Mendota Circle	53 Mendota Circle	Pittsburgh	Pennsylvania	15261
Samuel	Chavez	1-(678)657-0282	6 5th Lane	6 5th Lane	Atlanta	Georgia	30306
Doris	Anderson	1-(612)690-5116	3980 Thompson Street	3980 Thompson Street	Minneapolis	Minnesota	55458
Donald	Ortiz	1-(512)441-9190	527 Dayton Lane	527 Dayton Lane	Austin	Texas	78778
Andrew	Bailey	1-(216)901-2239	752 Manufacturers Road	752 Manufacturers Road	Cleveland	Ohio	44185
Annie	Riley	1-(254)548-5164	3338 Fallview Court	3338 Fallview Court	Temple	Texas	76505
Debra	Bishop	1-(323)735-9345	54815 Continental Pass	54815 Continental Pass	Los Angeles	California	90094
Shirley	Washington	1-(210)139-4231	76094 Brentwood Drive	76094 Brentwood Drive	San Antonio	Texas	78245
Benjamin	Nichols	1-(239)727-4601	379 Milwaukee Circle	379 Milwaukee Circle	Fort Myers	Florida	33906
Sarah	Carpenter	1-(973)849-3806	002 Express Crossing	002 Express Crossing	Paterson	New Jersey	07505
Eugene	Wells	1-(515)536-3510	12 Reinke Point	12 Reinke Point	Des Moines	Iowa	50310
Steven	Rivera	1-(260)298-7376	7 Michigan Plaza	7 Michigan Plaza	Fort Wayne	Indiana	46805
Denise	Wells	1-(202)428-5146	5 Mockingbird Place	5 Mockingbird Place	Washington	District of Columbia	20442
Louise	Taylor	1-(916)370-7890	944 Bluejay Avenue	944 Bluejay Avenue	Sacramento	California	94237
Jennifer	Kelley	1-(504)353-0700	2 Sunfield Trail	2 Sunfield Trail	New Orleans	Louisiana	70179
Frank	Simmons	1-(330)371-7077	1 Carberry Park	1 Carberry Park	Akron	Ohio	44305
Richard	Banks	1-(702)501-1035	850 High Crossing Center	850 High Crossing Center	Las Vegas	Nevada	89150
Richard	Ward	1-(904)877-8734	173 Manitowish Street	173 Manitowish Street	Jacksonville	Florida	32230
Jimmy	Hanson	1-(317)764-6888	2 Surrey Crossing	2 Surrey Crossing	Indianapolis	Indiana	46266
Pamela	Riley	1-(850)566-7093	31 Independence Place	31 Independence Place	Pinellas Park	Florida	34665
Christina	Kelley	1-(585)515-2731	093 Talmadge Plaza	093 Talmadge Plaza	Rochester	New York	14652
Benjamin	Robinson	1-(806)285-7775	83 Cascade Plaza	83 Cascade Plaza	Lubbock	Texas	79452
Teresa	Cooper	1-(615)405-6914	3047 5th Lane	3047 5th Lane	Nashville	Tennessee	37245
Donald	Gonzalez	1-(641)107-0354	1265 Little Fleur Trail	1265 Little Fleur Trail	Des Moines	Iowa	50315
Christopher	Lawson	1-(610)240-2556	10 Center Alley	10 Center Alley	Bethlehem	Pennsylvania	18018
Janet	Morris	1-(720)926-0822	90290 Holy Cross Plaza	90290 Holy Cross Plaza	Denver	Colorado	80255
Keith	Weaver	1-(832)894-8936	56 Menomonie Pass	56 Menomonie Pass	Houston	Texas	77075
Joan	Welch	1-(412)970-4245	228 Badeau Way	228 Badeau Way	Pittsburgh	Pennsylvania	15274
Sandra	Cruz	1-(229)486-1082	135 Straubel Avenue	135 Straubel Avenue	Albany	Georgia	31704
Albert	Wells	1-(336)998-1486	450 Thackeray Parkway	450 Thackeray Parkway	Winston Salem	North Carolina	27116
Louise	Warren	1-(713)781-5098	6583 Emmet Park	6583 Emmet Park	Houston	Texas	77218
Sean	Peterson	1-(516)607-7399	97 Anthes Pass	97 Anthes Pass	Jamaica	New York	11407
Larry	Coleman	1-(386)435-8073	1 Quincy Terrace	1 Quincy Terrace	Daytona Beach	Florida	32118
Nicholas	Franklin	1-(785)680-1003	3 Grover Plaza	3 Grover Plaza	Topeka	Kansas	66642
Todd	Black	1-(317)561-2480	9 Swallow Junction	9 Swallow Junction	Indianapolis	Indiana	46278
Juan	Harper	1-(915)672-7505	7486 Goodland Place	7486 Goodland Place	El Paso	Texas	79905
Katherine	Russell	1-(901)531-9191	5749 Kipling Road	5749 Kipling Road	Memphis	Tennessee	38126
Wanda	Morales	1-(502)711-2150	0825 Melvin Alley	0825 Melvin Alley	Louisville	Kentucky	40298
Eugene	Kelley	1-(718)686-4690	6 Grayhawk Junction	6 Grayhawk Junction	Bronx	New York	10454
Janice	Harrison	1-(405)187-2073	98 Laurel Crossing	98 Laurel Crossing	Oklahoma City	Oklahoma	73109
Ralph	Murphy	1-(505)801-7773	7 Karstens Circle	7 Karstens Circle	Albuquerque	New Mexico	87180
Lois	Murray	1-(973)592-0519	848 Kennedy Park	848 Kennedy Park	Newark	New Jersey	07104
Susan	Mills	1-(310)656-6872	70871 Pennsylvania Point	70871 Pennsylvania Point	Long Beach	California	90805
Wayne	Sanders	1-(601)773-8111	00752 Stuart Terrace	00752 Stuart Terrace	Jackson	Mississippi	39296
Ralph	Wilson	1-(757)712-6952	793 Briar Crest Avenue	793 Briar Crest Avenue	Virginia Beach	Virginia	23471
Angela	Grant	1-(504)184-2770	96845 Sloan Junction	96845 Sloan Junction	New Orleans	Louisiana	70116
Carolyn	Snyder	1-(206)714-1539	47 Anhalt Drive	47 Anhalt Drive	Seattle	Washington	98195
Albert	Foster	1-(912)271-8208	8 Morningstar Drive	8 Morningstar Drive	Savannah	Georgia	31416
Bobby	Lane	1-(904)542-2556	8447 Elgar Way	8447 Elgar Way	Saint Augustine	Florida	32092
Christopher	Gilbert	1-(917)484-8951	188 Corben Place	188 Corben Place	New York City	New York	10270
Martin	Holmes	1-(716)716-7493	21277 Dennis Point	21277 Dennis Point	Buffalo	New York	14276
Adam	Willis	1-(301)626-1563	6330 Talisman Park	6330 Talisman Park	Hyattsville	Maryland	20784
David	Kelly	1-(352)840-8198	9 Dexter Terrace	9 Dexter Terrace	Spring Hill	Florida	34611
Debra	Bishop	1-(909)972-1644	41045 Summerview Crossing	41045 Summerview Crossing	Pomona	California	91797
Anna	Ramirez	1-(619)164-2951	1 Butterfield Drive	1 Butterfield Drive	San Diego	California	92176
Joyce	Daniels	1-(832)288-3817	15696 Darwin Crossing	15696 Darwin Crossing	Houston	Texas	77065
Carolyn	Porter	1-(561)684-1969	300 Bashford Hill	300 Bashford Hill	Boca Raton	Florida	33499
Sharon	Bradley	1-(865)172-8453	08 Laurel Pass	08 Laurel Pass	Knoxville	Tennessee	37924
Frank	Nichols	1-(704)330-1470	6631 Kinsman Crossing	6631 Kinsman Crossing	Charlotte	North Carolina	28263
Frances	Johnston	1-(615)665-2307	1830 Weeping Birch Park	1830 Weeping Birch Park	Murfreesboro	Tennessee	37131
Sarah	Fuller	1-(915)224-2721	8 Express Alley	8 Express Alley	El Paso	Texas	88519
Margaret	Hughes	1-(414)974-2627	566 Calypso Plaza	566 Calypso Plaza	Milwaukee	Wisconsin	53225
Judith	Vasquez	1-(859)167-9962	5 Mcbride Trail	5 Mcbride Trail	Lexington	Kentucky	40510
Sara	Cruz	1-(517)794-9039	2136 Morning Alley	2136 Morning Alley	Kalamazoo	Michigan	49048
Charles	Simmons	1-(816)770-7857	98496 Crescent Oaks Center	98496 Crescent Oaks Center	Kansas City	Kansas	66112
Denise	Ruiz	1-(304)203-8869	8111 Hoard Junction	8111 Hoard Junction	Morgantown	West Virginia	26505
Mary	White	1-(213)205-5672	7439 Forest Park	7439 Forest Park	Los Angeles	California	90101
Gerald	Jordan	1-(202)825-9700	31338 Buhler Court	31338 Buhler Court	Washington	District of Columbia	20022
Kathleen	Franklin	1-(661)971-5005	6 Schiller Center	6 Schiller Center	Bakersfield	California	93386
Jose	King	1-(302)657-9881	67 Anthes Plaza	67 Anthes Plaza	Wilmington	Delaware	19897
Jonathan	Henderson	1-(404)123-6839	6 Parkside Circle	6 Parkside Circle	Atlanta	Georgia	30386
Kevin	Ramos	1-(817)816-8827	921 Hagan Lane	921 Hagan Lane	Arlington	Texas	76004
Judy	Greene	1-(512)676-7486	391 Hintze Trail	391 Hintze Trail	Austin	Texas	78778
Gregory	Martin	1-(281)534-7050	072 Talmadge Road	072 Talmadge Road	Houston	Texas	77020
Russell	Ford	1-(702)309-0213	882 Gerald Way	882 Gerald Way	Las Vegas	Nevada	89178
Antonio	Burton	1-(305)814-6047	3166 Gateway Trail	3166 Gateway Trail	Miami Beach	Florida	33141
Thomas	Ferguson	1-(225)231-3434	368 Kipling Center	368 Kipling Center	Baton Rouge	Louisiana	70810
Sharon	Jenkins	1-(805)789-7856	2 Oakridge Road	2 Oakridge Road	Bakersfield	California	93311
Harold	Carr	1-(202)260-9255	9859 Cordelia Court	9859 Cordelia Court	Washington	District of Columbia	20580
Patrick	Hamilton	1-(859)262-5147	1 Sachtjen Court	1 Sachtjen Court	Lexington	Kentucky	40576
Wayne	Lawrence	1-(402)783-0020	374 Bluejay Pass	374 Bluejay Pass	Lincoln	Nebraska	68531
Anna	Montgomery	1-(801)973-9634	40916 Village Hill	40916 Village Hill	Salt Lake City	Utah	84170
Russell	Torres	1-(626)765-7464	8 Leroy Junction	8 Leroy Junction	Pasadena	California	91186
Helen	Franklin	1-(719)478-3407	48551 Artisan Avenue	48551 Artisan Avenue	Colorado Springs	Colorado	80930
Katherine	White	1-(505)175-9017	471 Arapahoe Alley	471 Arapahoe Alley	Albuquerque	New Mexico	87105
Roger	Mccoy	1-(330)367-8457	50 Fremont Lane	50 Fremont Lane	Canton	Ohio	44760
Judy	Matthews	1-(608)511-3446	2 Dennis Hill	2 Dennis Hill	Madison	Wisconsin	53779
Elizabeth	Jackson	1-(978)808-7922	521 Reinke Circle	521 Reinke Circle	Watertown	Massachusetts	02472
Douglas	Hudson	1-(602)467-2703	14971 Redwing Parkway	14971 Redwing Parkway	Gilbert	Arizona	85297
Stephen	Dixon	1-(410)549-3154	412 Rigney Avenue	412 Rigney Avenue	Baltimore	Maryland	21290
Diane	Porter	1-(401)189-5857	131 Gale Point	131 Gale Point	Providence	Rhode Island	02905
Kathy	Moreno	1-(512)351-3113	5584 Pierstorff Drive	5584 Pierstorff Drive	Austin	Texas	78764
Virginia	Williamson	1-(253)953-0589	79883 Main Crossing	79883 Main Crossing	Tacoma	Washington	98411
Mildred	Harvey	1-(713)177-0138	51 Ridgeway Pass	51 Ridgeway Pass	Houston	Texas	77260
Anna	Lawrence	1-(603)685-2772	42022 Carpenter Terrace	42022 Carpenter Terrace	Portsmouth	New Hampshire	00214
Shirley	Gilbert	1-(754)477-5185	520 Forster Circle	520 Forster Circle	Fort Lauderdale	Florida	33320
Rebecca	Lee	1-(904)545-1458	63790 Lotheville Hill	63790 Lotheville Hill	Jacksonville	Florida	32220
Frances	Burton	1-(904)245-8829	37162 Green Ridge Drive	37162 Green Ridge Drive	Jacksonville	Florida	32236
Lori	Harper	1-(517)281-8300	226 Walton Lane	226 Walton Lane	Lansing	Michigan	48901
Raymond	Bishop	1-(304)624-9546	3 Fairfield Lane	3 Fairfield Lane	Huntington	West Virginia	25716
Albert	Martin	1-(304)582-8078	1 Tomscot Parkway	1 Tomscot Parkway	Charleston	West Virginia	25326
Earl	Palmer	1-(404)228-9075	64332 Vidon Plaza	64332 Vidon Plaza	Norcross	Georgia	30092
Roy	Lane	1-(408)813-5958	2 Northwestern Plaza	2 Northwestern Plaza	San Jose	California	95133
James	Mitchell	1-(323)124-5362	83 Rieder Circle	83 Rieder Circle	Los Angeles	California	90076
Lisa	Dean	1-(626)120-1930	7 Merrick Circle	7 Merrick Circle	Pasadena	California	91186
Aaron	Foster	1-(302)325-0806	981 2nd Drive	981 2nd Drive	Newark	Delaware	19725
Aaron	Murphy	1-(915)694-3635	64 Cody Crossing	64 Cody Crossing	El Paso	Texas	79977
Angela	Fields	1-(315)345-7358	844 Warbler Avenue	844 Warbler Avenue	Syracuse	New York	13205
Edward	Hayes	1-(903)419-0893	50 Cascade Park	50 Cascade Park	Tyler	Texas	75710
Ruth	Fuller	1-(916)875-2214	2246 5th Parkway	2246 5th Parkway	Sacramento	California	94263
Annie	Kim	1-(203)918-8482	5 Hudson Junction	5 Hudson Junction	Fairfield	Connecticut	06825
Ronald	Gomez	1-(612)516-1933	315 Texas Alley	315 Texas Alley	Minneapolis	Minnesota	55487
Robin	Wagner	1-(810)209-9293	2773 Hollow Ridge Center	2773 Hollow Ridge Center	Warren	Michigan	48092
Robin	Hamilton	1-(405)911-0830	5564 Pine View Hill	5564 Pine View Hill	Oklahoma City	Oklahoma	73119
Lawrence	Griffin	1-(323)739-8093	5 Novick Avenue	5 Novick Avenue	Los Angeles	California	90076
Steve	Torres	1-(404)107-2000	23 Prairieview Place	23 Prairieview Place	Alpharetta	Georgia	30022
Martha	Garcia	1-(617)528-5191	9462 Hudson Trail	9462 Hudson Trail	Boston	Massachusetts	02298
Theresa	Ruiz	1-(937)901-0466	02876 International Point	02876 International Point	Dayton	Ohio	45419
Michael	Austin	1-(214)555-4316	66 Grayhawk Drive	66 Grayhawk Drive	Dallas	Texas	75353
Benjamin	Arnold	1-(614)792-8950	6469 Sauthoff Drive	6469 Sauthoff Drive	Columbus	Ohio	43204
Brandon	Perez	1-(712)888-5048	82375 Colorado Center	82375 Colorado Center	Sioux City	Iowa	51110
Karen	Reid	1-(973)738-2543	0 Grover Circle	0 Grover Circle	Newark	New Jersey	07112
Diana	Fields	1-(502)319-2320	11736 Waxwing Crossing	11736 Waxwing Crossing	Louisville	Kentucky	40298
Jeffrey	Carroll	1-(650)891-0149	28671 Packers Trail	28671 Packers Trail	Redwood City	California	94064
Paul	Boyd	1-(480)495-8622	7 Corben Parkway	7 Corben Parkway	Phoenix	Arizona	85045
Thomas	Edwards	1-(502)608-6735	4 Linden Parkway	4 Linden Parkway	Louisville	Kentucky	40293
Roy	Lopez	1-(856)304-9937	36 Dayton Trail	36 Dayton Trail	Camden	New Jersey	08104
Catherine	Gray	1-(785)651-0566	71217 Mockingbird Trail	71217 Mockingbird Trail	Topeka	Kansas	66617
Gary	Matthews	1-(704)361-9319	8 Burning Wood Alley	8 Burning Wood Alley	Charlotte	North Carolina	28263
Rachel	Banks	1-(713)824-5663	10 Esker Lane	10 Esker Lane	Houston	Texas	77260
Joseph	Peters	1-(850)794-4671	720 Esch Trail	720 Esch Trail	Panama City	Florida	32412
Stephen	Graham	1-(703)456-7701	8892 Jenna Place	8892 Jenna Place	Alexandria	Virginia	22301
Victor	Lane	1-(406)863-0668	197 Florence Avenue	197 Florence Avenue	Billings	Montana	59105
Ashley	Hill	1-(347)567-7881	3307 Florence Terrace	3307 Florence Terrace	Flushing	New York	11388
Gregory	Lane	1-(989)297-4990	65633 Roxbury Terrace	65633 Roxbury Terrace	Midland	Michigan	48670
Catherine	Sims	1-(513)112-0305	98636 Dwight Parkway	98636 Dwight Parkway	Cincinnati	Ohio	45223
Amanda	Nelson	1-(305)898-6887	87935 Dexter Trail	87935 Dexter Trail	Miami	Florida	33169
Benjamin	Martinez	1-(909)588-4744	401 Rusk Terrace	401 Rusk Terrace	Riverside	California	92505
Aaron	Dean	1-(214)568-3429	1 Scott Road	1 Scott Road	Dallas	Texas	75367
Joyce	Hansen	1-(315)533-5380	47 Veith Street	47 Veith Street	Syracuse	New York	13224
Christina	Edwards	1-(405)492-1498	4 Eastwood Trail	4 Eastwood Trail	Oklahoma City	Oklahoma	73129
Jennifer	Bowman	1-(816)412-9578	29532 Debs Avenue	29532 Debs Avenue	Kansas City	Missouri	64114
Lawrence	Romero	1-(817)488-5380	04354 Harper Point	04354 Harper Point	Fort Worth	Texas	76115
Scott	Day	1-(703)698-7712	47167 Bartelt Circle	47167 Bartelt Circle	Washington	District of Columbia	20041
Maria	West	1-(479)874-6946	30121 Blue Bill Park Park	30121 Blue Bill Park Park	Fort Smith	Arkansas	72905
Doris	Mills	1-(202)641-9119	18009 Randy Point	18009 Randy Point	Washington	District of Columbia	20319
Judy	Peters	1-(805)699-4197	615 Mallard Junction	615 Mallard Junction	Bakersfield	California	93311
Fred	Thomas	1-(937)133-6625	7141 Beilfuss Alley	7141 Beilfuss Alley	Dayton	Ohio	45403
Richard	Simpson	1-(202)826-5409	73841 Hayes Alley	73841 Hayes Alley	Washington	District of Columbia	20525
Christine	Ramirez	1-(217)319-0363	37 Fulton Place	37 Fulton Place	Springfield	Illinois	62764
Jeffrey	Fuller	1-(352)843-5921	7249 Colorado Road	7249 Colorado Road	Ocala	Florida	34479
Joyce	Richards	1-(312)266-2597	42389 Kings Alley	42389 Kings Alley	Chicago	Illinois	60652
Robert	Shaw	1-(612)142-9427	23335 Rusk Lane	23335 Rusk Lane	Minneapolis	Minnesota	55480
Roger	Harvey	1-(706)337-3274	5 Magdeline Way	5 Magdeline Way	Augusta	Georgia	30919
Stephen	Duncan	1-(714)818-8061	25157 Valley Edge Trail	25157 Valley Edge Trail	Garden Grove	California	92645
Heather	Chavez	1-(214)234-6074	41621 Vermont Center	41621 Vermont Center	Dallas	Texas	75342
Heather	Reynolds	1-(650)253-5582	227 Manitowish Junction	227 Manitowish Junction	San Jose	California	95113
Heather	Coleman	1-(602)378-7995	5859 Del Mar Circle	5859 Del Mar Circle	Phoenix	Arizona	85062
Denise	Allen	1-(205)131-8409	143 Armistice Avenue	143 Armistice Avenue	Birmingham	Alabama	35244
Johnny	Nguyen	1-(202)152-7271	1417 Southridge Center	1417 Southridge Center	Washington	District of Columbia	20525
Bruce	Gomez	1-(720)547-6183	4 Di Loreto Plaza	4 Di Loreto Plaza	Denver	Colorado	80299
Carol	Clark	1-(808)603-8300	5930 Declaration Plaza	5930 Declaration Plaza	Honolulu	Hawaii	96815
Brandon	Berry	1-(602)781-5344	1627 Moulton Way	1627 Moulton Way	Phoenix	Arizona	85045
Anthony	Nelson	1-(646)150-8568	35 Eagle Crest Drive	35 Eagle Crest Drive	New York City	New York	10034
Raymond	Reid	1-(804)358-0347	307 Debs Trail	307 Debs Trail	Richmond	Virginia	23208
Benjamin	Dunn	1-(405)795-9210	059 Annamark Alley	059 Annamark Alley	Norman	Oklahoma	73071
Nicole	Hanson	1-(316)569-1359	61 Ludington Park	61 Ludington Park	Wichita	Kansas	67236
Frank	Moreno	1-(843)245-6201	6339 Anzinger Crossing	6339 Anzinger Crossing	Charleston	South Carolina	29411
Jeffrey	James	1-(316)462-6573	671 Clove Trail	671 Clove Trail	Wichita	Kansas	67215
Martin	Knight	1-(202)560-2667	3 Hoepker Way	3 Hoepker Way	Washington	District of Columbia	20392
Christina	Black	1-(571)105-6088	65 Oak Valley Junction	65 Oak Valley Junction	Arlington	Virginia	22212
Dennis	Kelley	1-(706)739-7770	317 Knutson Plaza	317 Knutson Plaza	Columbus	Georgia	31998
Stephen	Ferguson	1-(661)313-7844	976 Waxwing Point	976 Waxwing Point	Lancaster	California	93584
Ruth	West	1-(803)794-9076	7666 Judy Park	7666 Judy Park	Columbia	South Carolina	29215
Brenda	Fowler	1-(607)835-5454	2 Esch Place	2 Esch Place	Elmira	New York	14905
Amy	Ford	1-(951)989-6586	39 Dayton Pass	39 Dayton Pass	Moreno Valley	California	92555
Ronald	Duncan	1-(404)859-7503	916 Fulton Point	916 Fulton Point	Atlanta	Georgia	30375
Terry	Cook	1-(203)658-2737	0 Victoria Terrace	0 Victoria Terrace	Stamford	Connecticut	06922
Rose	Meyer	1-(386)945-0642	13740 Nelson Circle	13740 Nelson Circle	Daytona Beach	Florida	32118
Ralph	King	1-(704)145-8816	2 Nancy Terrace	2 Nancy Terrace	Charlotte	North Carolina	28278
Philip	Price	1-(502)848-2073	0882 Buena Vista Parkway	0882 Buena Vista Parkway	Louisville	Kentucky	40233
Annie	Stevens	1-(508)527-3712	8 Kropf Crossing	8 Kropf Crossing	Worcester	Massachusetts	01654
Andrea	Harper	1-(239)211-0792	503 Northview Crossing	503 Northview Crossing	Naples	Florida	34102
Mary	Martinez	1-(336)732-7461	632 Brickson Park Park	632 Brickson Park Park	Greensboro	North Carolina	27415
Judith	White	1-(352)455-0576	9407 Oneill Court	9407 Oneill Court	Gainesville	Florida	32627
Brenda	Bishop	1-(217)463-8196	1202 Cherokee Park	1202 Cherokee Park	Springfield	Illinois	62764
Ronald	Mendoza	1-(602)525-9758	6 Anderson Plaza	6 Anderson Plaza	Gilbert	Arizona	85297
Denise	Rivera	1-(920)406-9321	9910 Lake View Court	9910 Lake View Court	Green Bay	Wisconsin	54305
Alice	White	1-(203)498-8303	72185 Tony Point	72185 Tony Point	Stamford	Connecticut	06912
Brenda	Fox	1-(573)893-7009	690 Donald Road	690 Donald Road	Columbia	Missouri	65218
Julia	Howell	1-(814)441-3712	4 Evergreen Center	4 Evergreen Center	Erie	Pennsylvania	16550
Russell	Greene	1-(208)974-0280	246 Vidon Junction	246 Vidon Junction	Boise	Idaho	83716
Jose	Green	1-(217)289-3222	0 Hayes Junction	0 Hayes Junction	Springfield	Illinois	62776
Christine	Frazier	1-(678)177-6609	2505 Cherokee Pass	2505 Cherokee Pass	Lawrenceville	Georgia	30045
Teresa	Fuller	1-(386)785-1279	2 Fremont Terrace	2 Fremont Terrace	Daytona Beach	Florida	32128
Janet	Hunter	1-(719)632-7682	149 Katie Lane	149 Katie Lane	Colorado Springs	Colorado	80995
Thomas	Snyder	1-(859)226-5747	99 Everett Circle	99 Everett Circle	Lexington	Kentucky	40581
Christina	Kelly	1-(918)393-4148	966 Barby Trail	966 Barby Trail	Tulsa	Oklahoma	74126
Anthony	Martin	1-(432)776-7816	92557 Sheridan Street	92557 Sheridan Street	Midland	Texas	79710
Clarence	Gibson	1-(228)443-5035	2913 Blue Bill Park Lane	2913 Blue Bill Park Lane	Gulfport	Mississippi	39505
Anne	Kelly	1-(217)764-4758	49459 Prairie Rose Point	49459 Prairie Rose Point	Springfield	Illinois	62705
Sandra	Brown	1-(410)133-0785	842 Tennessee Way	842 Tennessee Way	Baltimore	Maryland	21229
Aaron	Lawson	1-(310)717-6889	1 Moulton Way	1 Moulton Way	Los Angeles	California	90040
Doris	Willis	1-(810)702-5086	5944 Pearson Park	5944 Pearson Park	Detroit	Michigan	48211
Scott	Gardner	1-(209)231-5922	192 Nova Alley	192 Nova Alley	Stockton	California	95205
Jose	Cox	1-(718)374-4849	02 Summer Ridge Place	02 Summer Ridge Place	Brooklyn	New York	11236
Juan	Hunter	1-(209)694-0324	13 5th Place	13 5th Place	Stockton	California	95298
Rebecca	Willis	1-(314)480-6532	4613 Longview Place	4613 Longview Place	Saint Louis	Missouri	63104
Sarah	Lee	1-(208)943-5455	00540 Eastwood Road	00540 Eastwood Road	Boise	Idaho	83727
Frank	Powell	1-(706)861-5729	0 Thackeray Circle	0 Thackeray Circle	Columbus	Georgia	31904
Stephanie	Frazier	1-(864)775-6871	99 Porter Pass	99 Porter Pass	Spartanburg	South Carolina	29305
Sandra	Stevens	1-(561)631-0388	5646 Center Avenue	5646 Center Avenue	West Palm Beach	Florida	33421
Steve	Gutierrez	1-(404)853-9519	46526 Kennedy Trail	46526 Kennedy Trail	Atlanta	Georgia	30336
Irene	Burns	1-(813)485-2178	349 Monterey Trail	349 Monterey Trail	Zephyrhills	Florida	33543
Lori	Fowler	1-(831)493-0243	1303 Ramsey Park	1303 Ramsey Park	Salinas	California	93907
Terry	Foster	1-(707)659-5439	1 Buhler Plaza	1 Buhler Plaza	Santa Rosa	California	95405
Heather	Myers	1-(757)475-0786	2155 Katie Court	2155 Katie Court	Richmond	Virginia	23225
Teresa	Peterson	1-(760)378-8588	4 Veith Point	4 Veith Point	Oceanside	California	92056
Anne	George	1-(806)550-7771	2733 Sunnyside Place	2733 Sunnyside Place	Amarillo	Texas	79105
Aaron	Ortiz	1-()852-6629	68 Mariners Cove Plaza	68 Mariners Cove Plaza	Pittsburgh	Pennsylvania	15266
Jimmy	Welch	1-(916)319-8387	6 Fairview Parkway	6 Fairview Parkway	Sacramento	California	94263
Charles	Robinson	1-(253)917-3142	751 Luster Place	751 Luster Place	Tacoma	Washington	98405
Fred	Campbell	1-(402)766-9236	40 Redwing Place	40 Redwing Place	Lincoln	Nebraska	68505
Ruby	Powell	1-(856)201-1696	83177 Red Cloud Court	83177 Red Cloud Court	Camden	New Jersey	08104
Anne	Porter	1-(865)906-1045	2 Johnson Trail	2 Johnson Trail	Knoxville	Tennessee	37914
Doris	Porter	1-(319)904-7224	6259 Banding Plaza	6259 Banding Plaza	Cedar Rapids	Iowa	52410
Gloria	Rivera	1-(937)856-0521	857 Buena Vista Trail	857 Buena Vista Trail	Dayton	Ohio	45470
Tammy	Lawson	1-(609)313-2653	646 Hanover Park	646 Hanover Park	Trenton	New Jersey	08603
Clarence	Harrison	1-(404)663-7677	1 Anzinger Center	1 Anzinger Center	Atlanta	Georgia	30380
Sarah	Vasquez	1-(813)874-0926	90 Glendale Plaza	90 Glendale Plaza	Tampa	Florida	33661
Joshua	Gonzales	1-(706)760-6932	1 International Hill	1 International Hill	Athens	Georgia	30610
Roy	Willis	1-(713)755-0728	44339 Blaine Park	44339 Blaine Park	Houston	Texas	77245
Louis	Diaz	1-(330)951-5679	40352 Dawn Court	40352 Dawn Court	Warren	Ohio	44485
Kimberly	Burton	1-(704)671-1989	702 Fremont Road	702 Fremont Road	Charlotte	North Carolina	28220
Evelyn	Williamson	1-(312)453-1210	279 Waubesa Hill	279 Waubesa Hill	Chicago	Illinois	60619
Ashley	Perkins	1-(518)333-8031	6422 Carberry Circle	6422 Carberry Circle	Albany	New York	12255
Norma	Coleman	1-(904)603-2621	01475 Buell Point	01475 Buell Point	Jacksonville	Florida	32204
Sandra	Dixon	1-(716)817-3709	0996 Anhalt Parkway	0996 Anhalt Parkway	Buffalo	New York	14225
Harry	Reid	1-(310)276-8577	6 Helena Parkway	6 Helena Parkway	Van Nuys	California	91406
Wayne	Morales	1-(410)270-9346	95 Morrow Place	95 Morrow Place	Laurel	Maryland	20709
Phillip	Armstrong	1-(949)177-3377	1 Nobel Trail	1 Nobel Trail	Irvine	California	92619
Kimberly	Ryan	1-(941)978-4792	859 Goodland Circle	859 Goodland Circle	Bradenton	Florida	34210
Theresa	Carroll	1-(717)990-1323	31773 Hanover Hill	31773 Hanover Hill	Harrisburg	Pennsylvania	17110
Juan	Welch	1-(603)657-7071	15393 Village Drive	15393 Village Drive	Manchester	New Hampshire	03105
Amanda	Carroll	1-(240)484-1217	5 Mifflin Parkway	5 Mifflin Parkway	Hagerstown	Maryland	21747
Chris	Gonzales	1-(727)429-8366	4 Lake View Junction	4 Lake View Junction	Saint Petersburg	Florida	33731
Albert	Chavez	1-(347)172-6381	8805 Ridge Oak Road	8805 Ridge Oak Road	Flushing	New York	11388
Elizabeth	Henderson	1-(239)990-8510	63202 Bunker Hill Center	63202 Bunker Hill Center	Naples	Florida	34114
Patricia	Hanson	1-(801)897-8933	75 Mendota Parkway	75 Mendota Parkway	Salt Lake City	Utah	84135
Billy	Harper	1-(772)919-4108	4 Corscot Avenue	4 Corscot Avenue	Vero Beach	Florida	32964
Jennifer	Ellis	1-(214)669-5401	4 Grover Court	4 Grover Court	Dallas	Texas	75397
Shawn	Gutierrez	1-(305)114-9974	87758 Hovde Street	87758 Hovde Street	Miami	Florida	33175
Catherine	Bennett	1-(304)430-1952	0535 Old Shore Park	0535 Old Shore Park	Huntington	West Virginia	25726
Ann	Nichols	1-(814)524-0922	4 Cascade Drive	4 Cascade Drive	Johnstown	Pennsylvania	15906
Amanda	Day	1-(303)993-4516	46268 Knutson Hill	46268 Knutson Hill	Denver	Colorado	80241
Catherine	Collins	1-(952)573-7729	87 Mendota Way	87 Mendota Way	Maple Plain	Minnesota	55579
Chris	Harrison	1-(202)494-6165	3 Bobwhite Terrace	3 Bobwhite Terrace	Washington	District of Columbia	20067
Nicholas	Franklin	1-(310)282-6462	5177 Kipling Way	5177 Kipling Way	Torrance	California	90505
Joyce	Murray	1-(804)724-1070	43839 Porter Park	43839 Porter Park	Richmond	Virginia	23237
Laura	Kennedy	1-(718)322-9787	913 Heffernan Parkway	913 Heffernan Parkway	Brooklyn	New York	11225
Keith	Gardner	1-(859)366-9340	43 Hanson Park	43 Hanson Park	Lexington	Kentucky	40524
Betty	Rivera	1-(808)542-2021	2 Westport Court	2 Westport Court	Honolulu	Hawaii	96825
Ashley	Harper	1-(859)287-6935	25900 Towne Center	25900 Towne Center	Lexington	Kentucky	40586
Joe	Berry	1-(304)876-0181	7464 Pawling Crossing	7464 Pawling Crossing	Huntington	West Virginia	25770
Arthur	Myers	1-(561)210-0583	11 Farwell Terrace	11 Farwell Terrace	Lake Worth	Florida	33467
Martha	Arnold	1-(518)806-4823	3 Lighthouse Bay Lane	3 Lighthouse Bay Lane	Schenectady	New York	12325
Judy	Fields	1-(361)159-9546	95 Golf Pass	95 Golf Pass	Corpus Christi	Texas	78426
Clarence	Dixon	1-(860)978-4726	7 Manley Trail	7 Manley Trail	Hartford	Connecticut	06183
Jennifer	Watkins	1-(775)366-6722	47802 Melody Park	47802 Melody Park	Reno	Nevada	89510
Angela	Knight	1-(503)340-8894	36 Grayhawk Parkway	36 Grayhawk Parkway	Beaverton	Oregon	97075
Ann	Mills	1-(216)737-8099	72 Helena Place	72 Helena Place	Cleveland	Ohio	44111
Carol	Garza	1-(303)265-7338	104 Mallard Avenue	104 Mallard Avenue	Denver	Colorado	80223
Maria	Spencer	1-(305)612-0784	1 Anzinger Park	1 Anzinger Park	Miami	Florida	33185
Jose	Hill	1-(225)482-5439	076 American Ash Crossing	076 American Ash Crossing	Baton Rouge	Louisiana	70810
Antonio	White	1-(646)925-5618	1 Hooker Parkway	1 Hooker Parkway	New York City	New York	10175
Anne	Lewis	1-(202)270-7421	0131 Haas Place	0131 Haas Place	Washington	District of Columbia	20005
Aaron	Ross	1-(706)262-9709	998 Ruskin Alley	998 Ruskin Alley	Columbus	Georgia	31904
Richard	Henry	1-(501)403-3851	686 Corben Junction	686 Corben Junction	North Little Rock	Arkansas	72199
Lisa	Scott	1-(516)334-7547	93 Almo Place	93 Almo Place	Port Washington	New York	11054
Harold	Stephens	1-(863)315-3334	15593 Rieder Plaza	15593 Rieder Plaza	Lakeland	Florida	33805
Tina	Anderson	1-(754)228-6250	482 Ridgeway Drive	482 Ridgeway Drive	Fort Lauderdale	Florida	33355
Evelyn	George	1-(615)950-1731	7 Monument Trail	7 Monument Trail	Memphis	Tennessee	38119
Nancy	Black	1-(619)588-5412	8 Lyons Place	8 Lyons Place	San Diego	California	92160
Henry	Chavez	1-(508)924-1238	6 Prairieview Avenue	6 Prairieview Avenue	Brockton	Massachusetts	02405
Teresa	Fowler	1-(540)464-3674	56 Florence Street	56 Florence Street	Roanoke	Virginia	24009
Ruth	Boyd	1-(817)367-7469	94 Derek Place	94 Derek Place	Fort Worth	Texas	76110
Linda	Fisher	1-(336)512-0047	40 Hoffman Parkway	40 Hoffman Parkway	Winston Salem	North Carolina	27116
Philip	Thomas	1-(217)207-9230	82 Independence Point	82 Independence Point	Springfield	Illinois	62718
Chris	Lynch	1-(479)496-4184	31 Loomis Park	31 Loomis Park	Fort Smith	Arkansas	72916
Wayne	Thomas	1-(918)746-0727	5686 Debra Point	5686 Debra Point	Tulsa	Oklahoma	74116
Anna	Gomez	1-(404)749-5211	295 Mcbride Point	295 Mcbride Point	Atlanta	Georgia	31106
Elizabeth	Hanson	1-(917)904-5274	164 Dwight Circle	164 Dwight Circle	New York City	New York	10039
Denise	Ward	1-(434)619-2453	9 Roth Pass	9 Roth Pass	Charlottesville	Virginia	22903
Susan	Hughes	1-(213)686-7251	26 Corscot Plaza	26 Corscot Plaza	Los Angeles	California	90101
Sarah	Bennett	1-(510)969-5787	6888 Northridge Parkway	6888 Northridge Parkway	Berkeley	California	94712
Eric	Rivera	1-(402)573-9556	88 Hanover Court	88 Hanover Court	Omaha	Nebraska	68117
Jimmy	Williamson	1-(504)566-4567	4189 Sutteridge Park	4189 Sutteridge Park	Metairie	Louisiana	70033
Jesse	Griffin	1-(208)444-7815	0676 Melody Center	0676 Melody Center	Boise	Idaho	83711
Janice	Fuller	1-(315)883-4659	79006 Meadow Vale Place	79006 Meadow Vale Place	Utica	New York	13505
Rachel	Ray	1-(217)402-9314	66 Sugar Avenue	66 Sugar Avenue	Springfield	Illinois	62723
Alice	Willis	1-(920)360-4417	05176 Anhalt Junction	05176 Anhalt Junction	Milwaukee	Wisconsin	53205
Janet	Jenkins	1-(515)546-7719	73391 Golf Course Parkway	73391 Golf Course Parkway	Des Moines	Iowa	50369
Janice	Myers	1-(765)914-9031	42239 7th Street	42239 7th Street	Crawfordsville	Indiana	47937
Timothy	Chavez	1-(361)455-5547	1578 Jay Drive	1578 Jay Drive	Corpus Christi	Texas	78405
Michelle	Dixon	1-(702)734-2111	0717 Colorado Place	0717 Colorado Place	Henderson	Nevada	89074
Joan	Gilbert	1-(903)748-0729	3713 Northwestern Junction	3713 Northwestern Junction	Tyler	Texas	75710
Nicole	Stone	1-(225)261-7228	5617 Beilfuss Crossing	5617 Beilfuss Crossing	Baton Rouge	Louisiana	70820
Lisa	Young	1-(407)166-1187	2012 Waubesa Circle	2012 Waubesa Circle	Winter Haven	Florida	33884
Stephanie	Kennedy	1-(407)278-7650	4 Glacier Hill Plaza	4 Glacier Hill Plaza	Orlando	Florida	32885
David	West	1-(202)315-4515	15 Warner Place	15 Warner Place	Washington	District of Columbia	20420
Adam	Gardner	1-(304)363-8493	359 Hudson Way	359 Hudson Way	Charleston	West Virginia	25356
Cheryl	Hunt	1-(801)849-5571	8 Becker Avenue	8 Becker Avenue	Salt Lake City	Utah	84170
Michelle	Hicks	1-(770)661-2676	019 Caliangt Trail	019 Caliangt Trail	Alpharetta	Georgia	30022
Martin	Gordon	1-(704)326-4929	645 Mallory Trail	645 Mallory Trail	Charlotte	North Carolina	28247
Sarah	Morrison	1-(727)780-7860	3531 Arrowood Junction	3531 Arrowood Junction	Saint Petersburg	Florida	33710
Virginia	Garza	1-(202)177-7441	57759 Talmadge Park	57759 Talmadge Park	Washington	District of Columbia	20546
Patricia	Flores	1-(501)517-9031	9102 Chive Point	9102 Chive Point	Hot Springs National Park	Arkansas	71914
Clarence	Bishop	1-(202)572-5000	881 Moose Parkway	881 Moose Parkway	Washington	District of Columbia	20503
Paul	Duncan	1-(954)481-8897	541 Nova Way	541 Nova Way	Fort Lauderdale	Florida	33315
Billy	Harvey	1-(765)356-1181	01 Dwight Avenue	01 Dwight Avenue	Lafayette	Indiana	47905
Gloria	Cole	1-(208)476-2341	57 Aberg Hill	57 Aberg Hill	Pocatello	Idaho	83206
Ralph	Knight	1-(937)672-8530	96196 Pond Court	96196 Pond Court	Dayton	Ohio	45440
Jean	Fuller	1-(315)410-8274	52 Rusk Circle	52 Rusk Circle	Syracuse	New York	13217
Walter	Willis	1-(336)975-4712	477 Gina Junction	477 Gina Junction	Greensboro	North Carolina	27409
Harold	Gutierrez	1-(704)729-5659	590 Briar Crest Parkway	590 Briar Crest Parkway	Charlotte	North Carolina	28247
Carolyn	Crawford	1-(763)829-4447	8249 Fairfield Pass	8249 Fairfield Pass	Monticello	Minnesota	55565
Marie	Lewis	1-(610)163-4461	7 Shoshone Street	7 Shoshone Street	Reading	Pennsylvania	19605
Ralph	Fisher	1-(414)339-2358	3 Rowland Plaza	3 Rowland Plaza	Milwaukee	Wisconsin	53234
Janet	Hudson	1-(212)663-9920	11 Loftsgordon Place	11 Loftsgordon Place	New York City	New York	10170
Larry	Gardner	1-(615)337-9873	9 Oakridge Point	9 Oakridge Point	Nashville	Tennessee	37245
Earl	Ward	1-(814)111-2751	5262 Northport Trail	5262 Northport Trail	Erie	Pennsylvania	16550
Walter	Cook	1-(303)280-0856	981 Pankratz Place	981 Pankratz Place	Denver	Colorado	80217
Aaron	Payne	1-(361)691-2117	6266 Wayridge Center	6266 Wayridge Center	Corpus Christi	Texas	78475
Frances	Alexander	1-(563)656-4967	5222 Melby Drive	5222 Melby Drive	Davenport	Iowa	52804
Sean	Rivera	1-(904)791-0348	1613 Kropf Plaza	1613 Kropf Plaza	Jacksonville	Florida	32244
Amanda	Hughes	1-(713)127-4362	28 Eliot Point	28 Eliot Point	Houston	Texas	77218
Daniel	Wells	1-(952)400-7518	62 Dawn Hill	62 Dawn Hill	Minneapolis	Minnesota	55412
John	Montgomery	1-(315)986-0246	54 Elmside Hill	54 Elmside Hill	Utica	New York	13505
Judith	Jackson	1-(253)262-7078	7 Bayside Park	7 Bayside Park	Tacoma	Washington	98464
Matthew	Hawkins	1-(253)586-1621	07 Bashford Street	07 Bashford Street	Tacoma	Washington	98464
Steven	Dixon	1-(915)257-5720	09 Waubesa Way	09 Waubesa Way	El Paso	Texas	79968
Steve	Kelley	1-(918)253-0326	5234 Cardinal Road	5234 Cardinal Road	Tulsa	Oklahoma	74156
Ernest	Jones	1-(661)473-9411	50 Kim Drive	50 Kim Drive	Bakersfield	California	93399
Shirley	Tucker	1-(410)702-4993	52 Northridge Point	52 Northridge Point	Silver Spring	Maryland	20904
Ralph	Smith	1-(602)757-8078	354 Eliot Crossing	354 Eliot Crossing	Phoenix	Arizona	85083
Jane	Harvey	1-(702)579-9799	180 Moland Street	180 Moland Street	Las Vegas	Nevada	89193
David	Woods	1-(612)804-4611	39693 Valley Edge Pass	39693 Valley Edge Pass	Minneapolis	Minnesota	55487
Raymond	Kennedy	1-(972)217-2655	9460 Meadow Valley Terrace	9460 Meadow Valley Terrace	Dallas	Texas	75226
Nancy	Porter	1-(502)798-0577	9040 Lillian Alley	9040 Lillian Alley	Louisville	Kentucky	40256
Theresa	Murray	1-(234)755-1588	3611 Northport Circle	3611 Northport Circle	Canton	Ohio	44760
Andrew	Fernandez	1-(314)301-7656	86046 Menomonie Trail	86046 Menomonie Trail	Saint Louis	Missouri	63116
Joyce	Kelley	1-(305)697-1257	574 Golden Leaf Pass	574 Golden Leaf Pass	Miami	Florida	33158
Judith	Garrett	1-(937)207-0621	5 Maple Wood Center	5 Maple Wood Center	Dayton	Ohio	45426
Roy	Martinez	1-(434)492-3204	806 Cottonwood Street	806 Cottonwood Street	Lynchburg	Virginia	24515
Teresa	Cunningham	1-(516)406-8312	800 Oxford Street	800 Oxford Street	New Hyde Park	New York	11044
Jennifer	Sullivan	1-(215)827-2033	3579 Darwin Pass	3579 Darwin Pass	Philadelphia	Pennsylvania	19178
Tammy	Hayes	1-(386)703-6045	8 Eliot Road	8 Eliot Road	Daytona Beach	Florida	32118
Michael	Ray	1-(920)879-6468	85628 Blaine Junction	85628 Blaine Junction	Appleton	Wisconsin	54915
Jane	Bryant	1-(949)147-6542	8 Hansons Street	8 Hansons Street	Irvine	California	92619
Martin	Kelley	1-(714)851-0386	02 Sutteridge Hill	02 Sutteridge Hill	Garden Grove	California	92645
Mary	Peters	1-(434)497-2192	51 Morrow Street	51 Morrow Street	Charlottesville	Virginia	22903
Matthew	Banks	1-(810)671-6409	23900 Michigan Crossing	23900 Michigan Crossing	Flint	Michigan	48550
Elizabeth	Chapman	1-(208)781-6138	19 Holy Cross Drive	19 Holy Cross Drive	Idaho Falls	Idaho	83405
Jane	Ellis	1-(402)619-5929	453 Kensington Circle	453 Kensington Circle	Omaha	Nebraska	68179
Chris	Alexander	1-(410)536-6477	7 Oakridge Way	7 Oakridge Way	Baltimore	Maryland	21211
Joe	Coleman	1-(347)754-2228	748 Cordelia Parkway	748 Cordelia Parkway	Brooklyn	New York	11210
Henry	Peters	1-(225)363-5528	8 Northview Trail	8 Northview Trail	Baton Rouge	Louisiana	70836
Ann	Cook	1-(816)990-8666	182 Artisan Hill	182 Artisan Hill	Kansas City	Missouri	64153
Gerald	Dunn	1-(518)932-8473	8893 Old Shore Plaza	8893 Old Shore Plaza	Albany	New York	12262
Andrea	Clark	1-(408)220-9662	1550 Briar Crest Pass	1550 Briar Crest Pass	San Jose	California	95150
Matthew	Gray	1-(608)261-0662	8639 6th Court	8639 6th Court	Madison	Wisconsin	53790
Barbara	Bishop	1-(352)710-0865	38 Golden Leaf Way	38 Golden Leaf Way	Gainesville	Florida	32605
Katherine	Wells	1-(504)262-6164	9853 Kenwood Terrace	9853 Kenwood Terrace	New Orleans	Louisiana	70124
Julie	Elliott	1-(706)268-9697	915 Maple Lane	915 Maple Lane	Augusta	Georgia	30905
David	Hansen	1-(202)377-8598	884 Mandrake Street	884 Mandrake Street	Washington	District of Columbia	20010
Stephanie	Jones	1-(508)816-9804	6753 Fremont Way	6753 Fremont Way	Worcester	Massachusetts	01605
Jimmy	Coleman	1-(571)818-1575	88519 Cascade Parkway	88519 Cascade Parkway	Arlington	Virginia	22217
Beverly	Dixon	1-(202)279-9507	10 Mcbride Plaza	10 Mcbride Plaza	Washington	District of Columbia	20078
George	Kim	1-(804)782-5280	1 Heath Crossing	1 Heath Crossing	Richmond	Virginia	23272
Jacqueline	Ramos	1-(561)285-6814	04 Dovetail Center	04 Dovetail Center	Lake Worth	Florida	33462
Alice	Howard	1-(904)858-7217	8216 Larry Terrace	8216 Larry Terrace	Jacksonville	Florida	32204
Angela	Gomez	1-(515)123-4086	0957 Lake View Way	0957 Lake View Way	Des Moines	Iowa	50393
Theresa	Hudson	1-(865)118-7117	9 Cody Drive	9 Cody Drive	Knoxville	Tennessee	37919
Rebecca	Clark	1-(317)453-1146	75 Meadow Vale Trail	75 Meadow Vale Trail	Indianapolis	Indiana	46231
Debra	Lynch	1-(408)706-8855	11115 Dapin Court	11115 Dapin Court	San Jose	California	95128
Jimmy	Reyes	1-(314)215-3824	2 Hovde Alley	2 Hovde Alley	Saint Louis	Missouri	63169
Carol	Dixon	1-(404)344-9034	1 Farragut Court	1 Farragut Court	Atlanta	Georgia	30340
Lori	Ramos	1-(605)938-1277	6919 Jenifer Avenue	6919 Jenifer Avenue	Sioux Falls	South Dakota	57193
Mildred	Hamilton	1-(513)988-6799	63648 La Follette Court	63648 La Follette Court	Cincinnati	Ohio	45243
Donald	Ross	1-(602)732-5755	58170 Memorial Court	58170 Memorial Court	Phoenix	Arizona	85030
Ann	Moore	1-(806)713-8583	87 Eagan Center	87 Eagan Center	Amarillo	Texas	79118
Sharon	Willis	1-(219)941-2039	03715 Monterey Road	03715 Monterey Road	Gary	Indiana	46406
Jeffrey	Reed	1-(520)926-0969	0708 Arizona Trail	0708 Arizona Trail	Phoenix	Arizona	85025
Steve	Lane	1-(904)546-8645	40 Briar Crest Crossing	40 Briar Crest Crossing	Jacksonville	Florida	32204
Anne	Powell	1-(713)403-5000	88096 Maple Pass	88096 Maple Pass	Houston	Texas	77035
Debra	Washington	1-(509)673-3131	4 Sunbrook Junction	4 Sunbrook Junction	Spokane	Washington	99252
Phillip	Powell	1-(520)644-5637	248 Badeau Drive	248 Badeau Drive	Tucson	Arizona	85732
Annie	Sullivan	1-(304)877-6576	197 Randy Pass	197 Randy Pass	Charleston	West Virginia	25362
Lillian	Frazier	1-(916)112-0757	233 Amoth Circle	233 Amoth Circle	Sacramento	California	94273
Jean	Robinson	1-(813)201-1840	00 Veith Way	00 Veith Way	Tampa	Florida	33680
Lisa	Mcdonald	1-(571)980-8799	77 Fallview Park	77 Fallview Park	Ashburn	Virginia	22093
Phillip	Nguyen	1-(702)348-7058	4908 Independence Point	4908 Independence Point	Las Vegas	Nevada	89120
Lawrence	Murray	1-(626)975-1348	07 Esch Circle	07 Esch Circle	Pasadena	California	91125
Dennis	Campbell	1-(702)159-5771	6363 Dexter Circle	6363 Dexter Circle	Las Vegas	Nevada	89110
Mark	Nelson	1-(952)355-7709	0136 Brown Lane	0136 Brown Lane	Young America	Minnesota	55573
Henry	Bell	1-(251)783-0278	20536 Alpine Street	20536 Alpine Street	Mobile	Alabama	36616
Angela	Richardson	1-(682)234-9943	345 Upham Lane	345 Upham Lane	Fort Worth	Texas	76192
Lillian	Moore	1-(806)995-2335	0 Quincy Hill	0 Quincy Hill	Amarillo	Texas	79188
Martin	Austin	1-(915)598-2158	63 Straubel Center	63 Straubel Center	El Paso	Texas	79940
Gary	Fernandez	1-(410)463-1424	09 Quincy Circle	09 Quincy Circle	Baltimore	Maryland	21281
Catherine	Ortiz	1-(916)673-0549	2 Kipling Way	2 Kipling Way	Sacramento	California	95813
Beverly	Jacobs	1-(423)700-1007	83 Porter Place	83 Porter Place	Chattanooga	Tennessee	37405
Karen	Jenkins	1-(786)195-7216	7828 Forster Avenue	7828 Forster Avenue	Hialeah	Florida	33018
Billy	Stone	1-(208)610-8383	87 Hollow Ridge Avenue	87 Hollow Ridge Avenue	Idaho Falls	Idaho	83405
Sara	Stevens	1-(617)507-3688	2 Old Gate Plaza	2 Old Gate Plaza	Boston	Massachusetts	02203
Kathy	Fernandez	1-(916)554-4574	43702 Farmco Center	43702 Farmco Center	Sacramento	California	94237
Jane	Chapman	1-(562)341-6024	65506 Rusk Trail	65506 Rusk Trail	Anaheim	California	92805
Antonio	Green	1-(901)464-5777	9 Toban Center	9 Toban Center	Memphis	Tennessee	38181
John	Schmidt	1-(508)706-4998	03349 Golf Course Way	03349 Golf Course Way	New Bedford	Massachusetts	02745
Linda	Murray	1-(225)779-9932	916 Carey Alley	916 Carey Alley	Baton Rouge	Louisiana	70883
Mark	Meyer	1-(480)429-0152	33 Muir Park	33 Muir Park	Scottsdale	Arizona	85255
Russell	Hunt	1-(702)859-7294	73784 Tony Way	73784 Tony Way	Las Vegas	Nevada	89160
Charles	Banks	1-(785)981-9666	438 Canary Trail	438 Canary Trail	Topeka	Kansas	66611
Donna	Garza	1-(512)857-6339	30 Pankratz Street	30 Pankratz Street	Austin	Texas	78721
Gloria	Rice	1-(314)454-6315	8982 Twin Pines Street	8982 Twin Pines Street	Saint Louis	Missouri	63158
Carol	Brooks	1-(419)483-4453	62853 Tennessee Park	62853 Tennessee Park	Toledo	Ohio	43666
Carl	Clark	1-(714)370-2056	1 7th Court	1 7th Court	Irvine	California	92710
Frances	Phillips	1-(432)789-8856	56722 Aberg Way	56722 Aberg Way	Midland	Texas	79710
Randy	Rodriguez	1-(517)379-7190	122 Boyd Street	122 Boyd Street	Lansing	Michigan	48912
Tammy	Morales	1-(816)768-2826	52 Maywood Plaza	52 Maywood Plaza	Kansas City	Missouri	64179
Karen	Morales	1-(202)590-5160	0 Russell Place	0 Russell Place	Washington	District of Columbia	20546
Annie	Austin	1-(480)100-9918	1423 8th Lane	1423 8th Lane	Phoenix	Arizona	85040
Mildred	Kelly	1-(347)540-9032	7 Oriole Junction	7 Oriole Junction	Brooklyn	New York	11241
Mark	Lee	1-(202)400-2595	49603 Eastlawn Avenue	49603 Eastlawn Avenue	Washington	District of Columbia	20226
Jonathan	Rivera	1-(510)257-9536	52573 Karstens Road	52573 Karstens Road	Oakland	California	94611
Donald	Banks	1-(414)505-5717	94676 Everett Circle	94676 Everett Circle	Milwaukee	Wisconsin	53277
Albert	Spencer	1-(334)356-3601	2223 1st Plaza	2223 1st Plaza	Montgomery	Alabama	36134
Beverly	Tucker	1-(336)596-0631	20 Declaration Terrace	20 Declaration Terrace	Winston Salem	North Carolina	27150
Andrea	Austin	1-(516)986-0258	71690 Pine View Drive	71690 Pine View Drive	New Hyde Park	New York	11044
Eric	Graham	1-(704)819-8887	10551 Jana Street	10551 Jana Street	Charlotte	North Carolina	28272
Rachel	Welch	1-(503)179-0070	8 Lillian Way	8 Lillian Way	Beaverton	Oregon	97075
Brian	Pierce	1-(559)401-3712	30 Bashford Parkway	30 Bashford Parkway	Fresno	California	93773
Debra	Webb	1-(281)920-0921	052 Loeprich Circle	052 Loeprich Circle	Houston	Texas	77050
Eric	King	1-(401)392-4149	2 Mayfield Trail	2 Mayfield Trail	Providence	Rhode Island	02912
Deborah	Wilson	1-(702)835-6110	2 Dryden Parkway	2 Dryden Parkway	Henderson	Nevada	89074
Nicholas	Berry	1-(513)393-5855	26969 Wayridge Crossing	26969 Wayridge Crossing	Cincinnati	Ohio	45296
Amanda	Rodriguez	1-(208)698-9463	0 Orin Drive	0 Orin Drive	Boise	Idaho	83705
Robert	Garcia	1-(712)293-8251	01 Hermina Parkway	01 Hermina Parkway	Sioux City	Iowa	51105
Jeffrey	Wheeler	1-(713)932-7520	56885 Autumn Leaf Way	56885 Autumn Leaf Way	Houston	Texas	77223
Shirley	Jordan	1-(313)375-4086	319 Transport Drive	319 Transport Drive	Detroit	Michigan	48242
Annie	Ellis	1-(919)722-0980	5824 Sunnyside Place	5824 Sunnyside Place	Raleigh	North Carolina	27626
Jose	Tucker	1-(217)327-4586	4741 Barby Street	4741 Barby Street	Springfield	Illinois	62705
Wayne	Mccoy	1-(915)743-7674	00 Trailsway Alley	00 Trailsway Alley	El Paso	Texas	88569
Lori	Nichols	1-(432)694-8002	9617 Waxwing Circle	9617 Waxwing Circle	Midland	Texas	79710
Eric	Austin	1-(619)215-2064	99109 Warrior Park	99109 Warrior Park	San Diego	California	92115
Henry	Moore	1-(202)159-8964	312 Coleman Alley	312 Coleman Alley	Washington	District of Columbia	20260
Marie	Robertson	1-(713)318-7662	2170 Northview Park	2170 Northview Park	Houston	Texas	77201
Marie	Ortiz	1-(253)178-7428	5 Buell Way	5 Buell Way	Lakewood	Washington	98498
Anthony	Daniels	1-(323)522-6135	773 Logan Pass	773 Logan Pass	Van Nuys	California	91411
Philip	Palmer	1-(919)868-9754	9 Leroy Alley	9 Leroy Alley	Durham	North Carolina	27717
Andrea	Hall	1-(405)485-3745	114 Pankratz Avenue	114 Pankratz Avenue	Oklahoma City	Oklahoma	73152
Emily	Kelley	1-(239)549-3555	355 Gale Hill	355 Gale Hill	Naples	Florida	34114
Marie	Myers	1-(585)449-8257	7342 Springs Hill	7342 Springs Hill	Rochester	New York	14646
Steven	Collins	1-(817)554-3163	10 Bayside Trail	10 Bayside Trail	Fort Worth	Texas	76147
Bobby	Gutierrez	1-(702)523-6373	127 Warbler Junction	127 Warbler Junction	Las Vegas	Nevada	89160
Pamela	Sullivan	1-(510)379-2924	58546 Buhler Court	58546 Buhler Court	Oakland	California	94611
Lawrence	Olson	1-(510)948-6614	8 Hoard Place	8 Hoard Place	Oakland	California	94660
Sarah	Young	1-(717)558-1987	53 Fallview Place	53 Fallview Place	York	Pennsylvania	17405
Lois	Torres	1-(413)488-2970	6045 Monument Circle	6045 Monument Circle	Springfield	Massachusetts	01152
Diane	Davis	1-(803)393-3817	38 Carberry Trail	38 Carberry Trail	Columbia	South Carolina	29225
Scott	Adams	1-(423)498-4822	701 Johnson Plaza	701 Johnson Plaza	Johnson City	Tennessee	37605
Irene	Porter	1-(574)911-3122	28793 Golden Leaf Lane	28793 Golden Leaf Lane	South Bend	Indiana	46699
Todd	Clark	1-(507)266-9132	540 Kings Hill	540 Kings Hill	Rochester	Minnesota	55905
Roger	Carroll	1-(614)518-5357	514 Eastwood Crossing	514 Eastwood Crossing	Columbus	Ohio	43268
Teresa	Lawson	1-(832)101-8067	76287 Autumn Leaf Junction	76287 Autumn Leaf Junction	Houston	Texas	77080
Philip	Marshall	1-(951)871-7494	159 Artisan Plaza	159 Artisan Plaza	Moreno Valley	California	92555
Patrick	Sullivan	1-(602)542-6109	64 Farwell Trail	64 Farwell Trail	Phoenix	Arizona	85062
Lois	Hernandez	1-(234)979-5602	43 Morning Way	43 Morning Way	Akron	Ohio	44393
Carol	White	1-(334)228-3097	2144 Debs Pass	2144 Debs Pass	Montgomery	Alabama	36134
Jean	Knight	1-(860)581-5652	26150 Dryden Avenue	26150 Dryden Avenue	Hartford	Connecticut	06105
Tina	Watkins	1-(312)280-8986	9221 1st Avenue	9221 1st Avenue	Chicago	Illinois	60691
Jimmy	Willis	1-(916)639-5819	58340 Thackeray Lane	58340 Thackeray Lane	Sacramento	California	94291
Evelyn	Fisher	1-(904)961-6475	97253 Buena Vista Parkway	97253 Buena Vista Parkway	Jacksonville	Florida	32236
Ruth	Robinson	1-(559)538-1524	74 Hayes Parkway	74 Hayes Parkway	Fresno	California	93762
Anna	Mason	1-(404)184-3423	52 Pearson Point	52 Pearson Point	Atlanta	Georgia	30316
Ruth	Thomas	1-(225)510-8606	4221 Atwood Circle	4221 Atwood Circle	Baton Rouge	Louisiana	70805
Andrew	Bowman	1-(810)718-1835	76 Dennis Point	76 Dennis Point	Detroit	Michigan	48211
Wayne	Larson	1-(816)333-0156	29070 Scott Center	29070 Scott Center	Kansas City	Missouri	64142
Christina	Myers	1-(609)416-0018	2 Center Park	2 Center Park	Trenton	New Jersey	08603
Mary	Dunn	1-(208)755-8444	55914 Cody Lane	55914 Cody Lane	Pocatello	Idaho	83206
Jessica	Welch	1-(830)980-3822	40 Dwight Terrace	40 Dwight Terrace	San Antonio	Texas	78255
Russell	Franklin	1-(847)534-1057	1534 Golf Course Crossing	1534 Golf Course Crossing	Palatine	Illinois	60078
Patricia	Meyer	1-(310)218-4382	205 Starling Lane	205 Starling Lane	Inglewood	California	90310
Linda	Butler	1-(704)792-7968	3 Briar Crest Road	3 Briar Crest Road	Charlotte	North Carolina	28230
Phillip	Bell	1-(973)187-1785	545 Sunbrook Court	545 Sunbrook Court	Newark	New Jersey	07104
George	Berry	1-(904)823-5606	8 Mayer Junction	8 Mayer Junction	Jacksonville	Florida	32220
Jonathan	Reyes	1-(714)965-6343	2 Evergreen Center	2 Evergreen Center	Santa Ana	California	92725
Patricia	Patterson	1-(913)502-2141	4 Erie Way	4 Erie Way	Kansas City	Kansas	66160
Maria	Shaw	1-(361)904-7086	97415 Fulton Terrace	97415 Fulton Terrace	Corpus Christi	Texas	78465
Peter	Carpenter	1-(516)738-0416	92 Esker Drive	92 Esker Drive	New Hyde Park	New York	11044
Patrick	Ray	1-(804)239-5795	613 Lien Terrace	613 Lien Terrace	Richmond	Virginia	23213
Christine	Kelley	1-(225)363-7055	1841 Bay Parkway	1841 Bay Parkway	Baton Rouge	Louisiana	70826
Frank	Mason	1-(818)770-7479	77595 Farwell Lane	77595 Farwell Lane	Santa Monica	California	90405
Denise	Powell	1-(402)381-5205	5 Blackbird Crossing	5 Blackbird Crossing	Lincoln	Nebraska	68510
Scott	Howard	1-(413)800-6351	21 Fallview Alley	21 Fallview Alley	Springfield	Massachusetts	01114
Betty	Mitchell	1-(319)361-3741	69170 Sundown Avenue	69170 Sundown Avenue	Cedar Rapids	Iowa	52410
Donald	Ryan	1-(757)375-2428	9164 6th Parkway	9164 6th Parkway	Virginia Beach	Virginia	23464
Scott	Mendoza	1-(651)893-9866	0 Bluejay Street	0 Bluejay Street	Saint Paul	Minnesota	55166
Ashley	Webb	1-(251)443-6474	5 Gerald Plaza	5 Gerald Plaza	Mobile	Alabama	36670
Anne	Ellis	1-(972)116-0121	1 Spaight Parkway	1 Spaight Parkway	Dallas	Texas	75226
Margaret	Perkins	1-(912)960-8329	0864 Blackbird Court	0864 Blackbird Court	Savannah	Georgia	31405
Lisa	Hamilton	1-(216)290-8360	02301 Emmet Avenue	02301 Emmet Avenue	Cleveland	Ohio	44111
Roy	Graham	1-(515)570-9651	4578 Lindbergh Drive	4578 Lindbergh Drive	Des Moines	Iowa	50320
Kimberly	Rose	1-(713)936-3891	78 Sloan Terrace	78 Sloan Terrace	Houston	Texas	77255
Nancy	Wright	1-(505)258-3905	647 Sachtjen Hill	647 Sachtjen Hill	Santa Fe	New Mexico	87505
Bonnie	Hamilton	1-(202)110-6964	78633 Acker Point	78633 Acker Point	Washington	District of Columbia	20046
Sandra	Martinez	1-(617)626-3557	2679 School Place	2679 School Place	Boston	Massachusetts	02109
Bruce	Diaz	1-(614)681-6932	7619 Dexter Parkway	7619 Dexter Parkway	Columbus	Ohio	43284
Joan	Wells	1-(713)534-0291	65 Oriole Terrace	65 Oriole Terrace	Humble	Texas	77346
Helen	Hernandez	1-(203)155-3395	3432 Bluestem Circle	3432 Bluestem Circle	Fairfield	Connecticut	06825
Ruth	Ellis	1-(909)449-1276	942 Jay Drive	942 Jay Drive	Riverside	California	92505
Bonnie	West	1-(915)646-8447	347 Twin Pines Hill	347 Twin Pines Hill	El Paso	Texas	88558
Jack	White	1-(702)607-0028	29 Springs Crossing	29 Springs Crossing	Las Vegas	Nevada	89105
Jesse	Griffin	1-(205)774-0137	57 Cambridge Road	57 Cambridge Road	Birmingham	Alabama	35220
Terry	Richardson	1-(860)290-1052	6087 International Avenue	6087 International Avenue	Hartford	Connecticut	06152
Beverly	Burns	1-(682)120-8121	10 Steensland Center	10 Steensland Center	Fort Worth	Texas	76162
Lisa	Young	1-(407)728-0117	08 Jenifer Hill	08 Jenifer Hill	Orlando	Florida	32854
Robin	Ferguson	1-(716)876-2396	12 Emmet Plaza	12 Emmet Plaza	Buffalo	New York	14215
Jonathan	Medina	1-(602)699-9156	602 Main Street	602 Main Street	Phoenix	Arizona	85010
Barbara	Thompson	1-(732)272-3651	5672 Hintze Crossing	5672 Hintze Crossing	New Brunswick	New Jersey	08922
Doris	Mills	1-(209)389-5904	9 Stang Lane	9 Stang Lane	Modesto	California	95354
Joyce	Ruiz	1-(918)351-6384	630 Acker Park	630 Acker Park	Tulsa	Oklahoma	74141
Elizabeth	Lynch	1-(405)442-8427	8435 Sycamore Alley	8435 Sycamore Alley	Oklahoma City	Oklahoma	73167
Arthur	Ramirez	1-(614)368-7115	97 Maple Way	97 Maple Way	Columbus	Ohio	43204
Gloria	Rice	1-(727)297-0770	1707 Susan Point	1707 Susan Point	Saint Petersburg	Florida	33742
Jacqueline	Green	1-(651)512-7744	2280 Graceland Court	2280 Graceland Court	Saint Paul	Minnesota	55166
Shirley	Lopez	1-(605)997-3287	6042 Delladonna Way	6042 Delladonna Way	Sioux Falls	South Dakota	57193
Kenneth	Berry	1-(619)576-2565	2931 Mendota Crossing	2931 Mendota Crossing	San Diego	California	92153
Louise	Jones	1-(913)491-1896	4 Burrows Pass	4 Burrows Pass	Shawnee Mission	Kansas	66215
Edward	Ross	1-(304)343-7661	2811 Coolidge Trail	2811 Coolidge Trail	Charleston	West Virginia	25313
Cheryl	Dunn	1-(216)741-9240	02227 Hoepker Park	02227 Hoepker Park	Cleveland	Ohio	44130
Rachel	Reynolds	1-(610)557-5315	31 Golf View Point	31 Golf View Point	Philadelphia	Pennsylvania	19109
Jeffrey	Woods	1-(309)156-9282	8 Sycamore Street	8 Sycamore Street	Peoria	Illinois	61651
Dorothy	Fowler	1-(754)970-2265	22726 Jana Way	22726 Jana Way	Fort Lauderdale	Florida	33355
Charles	Butler	1-(713)997-1299	8995 Mendota Center	8995 Mendota Center	Houston	Texas	77288
Linda	Rose	1-(281)202-6313	16 Colorado Park	16 Colorado Park	Houston	Texas	77293
Joan	Ellis	1-(801)728-7223	39 School Court	39 School Court	Salt Lake City	Utah	84170
Beverly	Stone	1-(626)515-5437	0 Westport Hill	0 Westport Hill	Pasadena	California	91131
Gregory	Collins	1-(859)554-9039	2 Stone Corner Place	2 Stone Corner Place	Lexington	Kentucky	40510
Sharon	Richardson	1-(202)998-3235	436 Washington Way	436 Washington Way	Washington	District of Columbia	20051
Christopher	Peterson	1-(330)459-1413	785 Waubesa Street	785 Waubesa Street	Akron	Ohio	44310
Jane	West	1-(256)702-1928	9 Hallows Alley	9 Hallows Alley	Huntsville	Alabama	35805
Benjamin	Sanders	1-(410)626-0079	827 Valley Edge Way	827 Valley Edge Way	Laurel	Maryland	20709
Tammy	Lewis	1-(501)144-4395	7 Continental Avenue	7 Continental Avenue	Little Rock	Arkansas	72215
Randy	Green	1-(516)955-0580	0471 Lawn Street	0471 Lawn Street	Port Washington	New York	11054
Willie	Walker	1-(912)352-5695	2 Hanson Pass	2 Hanson Pass	Savannah	Georgia	31410
Nancy	Hicks	1-(501)248-0048	873 Buena Vista Trail	873 Buena Vista Trail	Little Rock	Arkansas	72231
Laura	Miller	1-(918)927-9830	08 Kipling Parkway	08 Kipling Parkway	Tulsa	Oklahoma	74149
Ryan	Scott	1-(419)827-0267	2 North Parkway	2 North Parkway	Toledo	Ohio	43635
Matthew	Powell	1-(864)846-6027	90356 Declaration Avenue	90356 Declaration Avenue	Greenville	South Carolina	29610
Christine	Watson	1-(718)623-0584	582 Brickson Park Drive	582 Brickson Park Drive	Staten Island	New York	10310
Harry	Arnold	1-(509)273-0745	30259 Mayer Trail	30259 Mayer Trail	Spokane	Washington	99260
James	Allen	1-(651)941-7700	54 Vidon Trail	54 Vidon Trail	Minneapolis	Minnesota	55402
Earl	Harvey	1-(404)536-7406	527 Pankratz Hill	527 Pankratz Hill	Atlanta	Georgia	30358
Jason	West	1-(727)586-8811	17767 Swallow Trail	17767 Swallow Trail	Largo	Florida	34643
Ann	Berry	1-(954)116-7252	3 Manufacturers Junction	3 Manufacturers Junction	Hollywood	Florida	33023
Thomas	Wilson	1-(208)640-6280	12810 Kingsford Plaza	12810 Kingsford Plaza	Boise	Idaho	83716
Martha	Green	1-(608)805-9321	422 Westport Drive	422 Westport Drive	Madison	Wisconsin	53710
Amy	Moore	1-(912)826-9823	49027 Moland Crossing	49027 Moland Crossing	Savannah	Georgia	31410
Rachel	Sims	1-(301)140-6853	438 Merrick Terrace	438 Merrick Terrace	Laurel	Maryland	20709
Fred	Rodriguez	1-(502)406-0386	94 Thackeray Plaza	94 Thackeray Plaza	Louisville	Kentucky	40266
Deborah	Chapman	1-(785)235-2650	6 Northfield Lane	6 Northfield Lane	Topeka	Kansas	66611
Carl	Hall	1-(225)569-0809	371 Crowley Way	371 Crowley Way	Baton Rouge	Louisiana	70820
Peter	Richards	1-(716)601-0091	63485 Sutherland Junction	63485 Sutherland Junction	Buffalo	New York	14215
Shawn	Perez	1-(303)818-9226	38559 Melvin Plaza	38559 Melvin Plaza	Aurora	Colorado	80015
Ralph	Carter	1-(702)597-1762	9468 Sloan Way	9468 Sloan Way	Las Vegas	Nevada	89110
Mary	Griffin	1-(714)211-4916	4231 Hagan Plaza	4231 Hagan Plaza	Orange	California	92862
Katherine	Mills	1-(801)474-7608	84344 Old Shore Court	84344 Old Shore Court	Sandy	Utah	84093
Steve	Daniels	1-(859)893-0182	45146 Burning Wood Trail	45146 Burning Wood Trail	Lexington	Kentucky	40546
Rachel	Medina	1-(702)615-9433	4 Mallard Point	4 Mallard Point	Las Vegas	Nevada	89110
Ruby	Brooks	1-(702)661-5529	887 Twin Pines Crossing	887 Twin Pines Crossing	Santa Barbara	California	93111
Andrew	Chavez	1-(206)113-8381	87366 Grim Point	87366 Grim Point	Seattle	Washington	98175
Julia	Garcia	1-(937)925-8483	0 Kensington Drive	0 Kensington Drive	Hamilton	Ohio	45020
Raymond	Owens	1-(785)500-4205	9894 Vahlen Avenue	9894 Vahlen Avenue	Topeka	Kansas	66699
Timothy	Gibson	1-(432)188-1112	06054 Longview Point	06054 Longview Point	Odessa	Texas	79769
Susan	Bailey	1-(501)875-1148	12731 Hazelcrest Circle	12731 Hazelcrest Circle	North Little Rock	Arkansas	72118
Charles	Black	1-(202)943-8319	79460 Eastwood Street	79460 Eastwood Street	Washington	District of Columbia	20029
Janet	Griffin	1-(903)693-0107	8 Canary Parkway	8 Canary Parkway	Longview	Texas	75605
Eugene	Ford	1-(713)326-2930	1 Saint Paul Trail	1 Saint Paul Trail	Houston	Texas	77223
Peter	Schmidt	1-(305)579-0730	890 Lighthouse Bay Center	890 Lighthouse Bay Center	Miami	Florida	33261
Tina	Scott	1-(336)377-1775	139 Garrison Alley	139 Garrison Alley	Winston Salem	North Carolina	27116
Emily	Carpenter	1-(334)591-8562	595 Old Shore Pass	595 Old Shore Pass	Montgomery	Alabama	36114
Jimmy	Hamilton	1-(260)770-7900	1 Schmedeman Terrace	1 Schmedeman Terrace	Fort Wayne	Indiana	46896
Eric	Williams	1-(614)934-0312	847 New Castle Park	847 New Castle Park	Columbus	Ohio	43204
Joseph	Gonzalez	1-(360)532-2187	9197 International Avenue	9197 International Avenue	Vancouver	Washington	98687
Philip	Graham	1-(972)378-7530	711 Clarendon Trail	711 Clarendon Trail	Dallas	Texas	75221
Daniel	Pierce	1-(415)619-0298	32 Pankratz Point	32 Pankratz Point	San Francisco	California	94116
Nicole	Torres	1-(617)465-9947	897 Manley Way	897 Manley Way	Boston	Massachusetts	02298
Beverly	Snyder	1-(408)231-2030	4 Mariners Cove Place	4 Mariners Cove Place	Santa Clara	California	95054
Jason	Cunningham	1-(704)624-8493	52327 Oneill Trail	52327 Oneill Trail	Charlotte	North Carolina	28215
Deborah	Green	1-(303)411-6304	78866 Morning Drive	78866 Morning Drive	Boulder	Colorado	80328
Lawrence	Butler	1-(904)154-3524	6 Manitowish Park	6 Manitowish Park	Jacksonville	Florida	32255
Shirley	Mcdonald	1-(915)578-6256	1865 Golf Pass	1865 Golf Pass	El Paso	Texas	79984
Marilyn	Wagner	1-(312)434-0565	03 Amoth Way	03 Amoth Way	Chicago	Illinois	60674
Linda	Butler	1-(217)447-4710	57610 Bobwhite Pass	57610 Bobwhite Pass	Springfield	Illinois	62711
Karen	Reynolds	1-(916)474-4952	4 Dawn Alley	4 Dawn Alley	Sacramento	California	94207
Norma	Clark	1-(214)659-3020	6 Algoma Plaza	6 Algoma Plaza	Dallas	Texas	75251
Ashley	King	1-(804)955-4689	176 Coleman Way	176 Coleman Way	Richmond	Virginia	23260
Deborah	Fox	1-(623)986-8058	766 Jana Junction	766 Jana Junction	Glendale	Arizona	85305
Kathy	Miller	1-(786)888-3870	55569 Cherokee Circle	55569 Cherokee Circle	Miami	Florida	33164
Eric	Washington	1-(785)471-5235	88 Hagan Lane	88 Hagan Lane	Topeka	Kansas	66699
Shawn	Wilson	1-(315)798-8987	781 Forest Crossing	781 Forest Crossing	Utica	New York	13505
Linda	Stephens	1-(719)432-4899	4899 Helena Crossing	4899 Helena Crossing	Pueblo	Colorado	81010
Amy	Meyer	1-(850)131-8953	00712 Park Meadow Trail	00712 Park Meadow Trail	Tallahassee	Florida	32304
Evelyn	Hart	1-(415)185-5284	3506 Eagle Crest Parkway	3506 Eagle Crest Parkway	San Francisco	California	94142
Peter	Fox	1-(213)965-4967	6 Sunbrook Way	6 Sunbrook Way	Santa Ana	California	92705
Ernest	Wagner	1-(404)811-0044	043 Eastlawn Parkway	043 Eastlawn Parkway	Duluth	Georgia	30195
Beverly	Larson	1-(216)968-4975	509 Springs Avenue	509 Springs Avenue	Cleveland	Ohio	44130
Irene	Sanchez	1-(936)893-7489	86 Parkside Street	86 Parkside Street	Beaumont	Texas	77705
Nicole	Peterson	1-(804)765-6326	9616 Stoughton Road	9616 Stoughton Road	Richmond	Virginia	23213
Janice	Hayes	1-(509)989-8284	171 Eastwood Parkway	171 Eastwood Parkway	Spokane	Washington	99215
Nicole	Ramos	1-(409)742-2059	93 Fordem Pass	93 Fordem Pass	Beaumont	Texas	77705
Pamela	Burton	1-(605)793-8188	840 Golf Course Pass	840 Golf Course Pass	Sioux Falls	South Dakota	57188
Brandon	Ryan	1-(619)365-1626	9063 Old Shore Crossing	9063 Old Shore Crossing	San Diego	California	92153
Amanda	Stevens	1-(479)233-7709	3 Lotheville Road	3 Lotheville Road	Fort Smith	Arkansas	72905
Billy	Ortiz	1-(202)733-2901	6614 Arizona Hill	6614 Arizona Hill	Washington	District of Columbia	20226
Gerald	Torres	1-(702)704-5190	42 Sunfield Park	42 Sunfield Park	Santa Barbara	California	93111
Rose	Moreno	1-(559)310-0453	09 Eliot Trail	09 Eliot Trail	Fresno	California	93762
Mildred	Reynolds	1-(915)835-1031	2 Sycamore Park	2 Sycamore Park	El Paso	Texas	88558
Matthew	Long	1-(312)615-6364	5782 Gulseth Terrace	5782 Gulseth Terrace	Chicago	Illinois	60652
Todd	Schmidt	1-(907)274-0505	0 Cardinal Park	0 Cardinal Park	Juneau	Alaska	99812
Debra	Peterson	1-(434)951-8931	889 Atwood Junction	889 Atwood Junction	Charlottesville	Virginia	22908
Clarence	Harris	1-(215)507-0386	584 Welch Street	584 Welch Street	Philadelphia	Pennsylvania	19160
Jacqueline	Watson	1-(314)569-5212	8190 Katie Trail	8190 Katie Trail	Saint Louis	Missouri	63150
Christine	Bradley	1-(203)321-1631	968 Sommers Trail	968 Sommers Trail	Bridgeport	Connecticut	06673
Benjamin	Richards	1-(425)619-3685	83 Stuart Road	83 Stuart Road	Bellevue	Washington	98008
Linda	Griffin	1-(941)225-8510	7 Beilfuss Lane	7 Beilfuss Lane	Punta Gorda	Florida	33982
Wayne	Chapman	1-(772)990-3206	85098 Tennyson Alley	85098 Tennyson Alley	Fort Pierce	Florida	34949
Amanda	Gutierrez	1-(410)951-3889	64655 Merrick Drive	64655 Merrick Drive	Ridgely	Maryland	21684
Terry	Banks	1-(313)833-4515	3541 Bowman Avenue	3541 Bowman Avenue	Detroit	Michigan	48232
Martha	Freeman	1-(812)517-8424	49 Crescent Oaks Court	49 Crescent Oaks Court	Evansville	Indiana	47747
Billy	Murphy	1-(502)410-0526	34 Novick Hill	34 Novick Hill	Louisville	Kentucky	40215
Andrew	Ford	1-(772)587-3467	3 Heath Court	3 Heath Court	Vero Beach	Florida	32969
Charles	Harris	1-(203)448-4888	7426 Cambridge Trail	7426 Cambridge Trail	Stamford	Connecticut	06912
Richard	Hughes	1-(717)802-1051	793 Kings Park	793 Kings Park	Harrisburg	Pennsylvania	17110
Henry	Alexander	1-(303)465-6563	5 Superior Avenue	5 Superior Avenue	Denver	Colorado	80270
Jacqueline	Burns	1-(518)303-9939	1369 Pine View Avenue	1369 Pine View Avenue	Albany	New York	12222
Jack	Martin	1-(724)182-8607	9747 Sunnyside Alley	9747 Sunnyside Alley	Pittsburgh	Pennsylvania	15210
Helen	Larson	1-(803)588-3949	9 Laurel Park	9 Laurel Park	Columbia	South Carolina	29240
Katherine	Weaver	1-(480)676-9908	67 Michigan Parkway	67 Michigan Parkway	Phoenix	Arizona	85025
Lawrence	Stevens	1-(806)107-0003	5808 Buena Vista Center	5808 Buena Vista Center	Amarillo	Texas	79176
Sandra	Rodriguez	1-(323)465-1688	21 Harbort Hill	21 Harbort Hill	North Hollywood	California	91606
Russell	James	1-(217)127-1336	1480 Kinsman Street	1480 Kinsman Street	Springfield	Illinois	62711
Jack	Nguyen	1-(509)813-0730	89 Debs Junction	89 Debs Junction	Spokane	Washington	99220
Kenneth	Bowman	1-(251)731-9500	9 Porter Alley	9 Porter Alley	Mobile	Alabama	36622
Julia	Henry	1-(202)799-3638	778 Sunbrook Alley	778 Sunbrook Alley	Washington	District of Columbia	20380
Carlos	Tucker	1-(302)574-0661	92 Mcbride Place	92 Mcbride Place	Newark	Delaware	19725
Tammy	Cunningham	1-(754)950-3571	7 Hagan Way	7 Hagan Way	Fort Lauderdale	Florida	33310
Roy	Gibson	1-(760)490-5199	475 Chive Alley	475 Chive Alley	Orange	California	92668
Norma	Olson	1-(253)485-5719	713 Kensington Street	713 Kensington Street	Tacoma	Washington	98447
Joan	Simmons	1-(208)141-2139	71518 Mosinee Avenue	71518 Mosinee Avenue	Boise	Idaho	83757
Keith	Young	1-(559)896-4509	02787 Mallard Parkway	02787 Mallard Parkway	Fresno	California	93740
Gary	Vasquez	1-(325)344-9157	7520 Clyde Gallagher Circle	7520 Clyde Gallagher Circle	Abilene	Texas	79605
Shawn	Simmons	1-(808)858-1005	6 Bunker Hill Way	6 Bunker Hill Way	Honolulu	Hawaii	96840
Irene	Lewis	1-(316)779-6831	61 Kennedy Court	61 Kennedy Court	Wichita	Kansas	67215
Gary	Alvarez	1-(202)127-5970	1 Elgar Lane	1 Elgar Lane	Washington	District of Columbia	20575
Patricia	Cox	1-(601)992-8600	4 Oneill Pass	4 Oneill Pass	Jackson	Mississippi	39236
Aaron	Holmes	1-(763)346-4829	104 Rutledge Avenue	104 Rutledge Avenue	Minneapolis	Minnesota	55446
Steve	Dean	1-(617)839-0552	8987 Shoshone Place	8987 Shoshone Place	Waltham	Massachusetts	02453
Diana	Matthews	1-(256)774-5674	1183 Melvin Park	1183 Melvin Park	Huntsville	Alabama	35810
Craig	Morgan	1-(319)743-1200	11087 Calypso Pass	11087 Calypso Pass	Cedar Rapids	Iowa	52405
Joe	Gray	1-(337)474-5506	565 Arkansas Point	565 Arkansas Point	Lake Charles	Louisiana	70607
Donald	Carr	1-(786)509-1092	56511 Arapahoe Park	56511 Arapahoe Park	Miami	Florida	33190
Katherine	Griffin	1-(786)983-2921	85 Grim Hill	85 Grim Hill	Miami	Florida	33158
Ashley	Green	1-(212)894-6040	97522 Myrtle Hill	97522 Myrtle Hill	New York City	New York	10029
Diane	Myers	1-(619)823-2300	54 Shopko Trail	54 Shopko Trail	San Diego	California	92121
Terry	Hall	1-(314)278-8160	0713 Kropf Terrace	0713 Kropf Terrace	Saint Louis	Missouri	63110
Lawrence	Alexander	1-(813)907-8179	47 Sachtjen Place	47 Sachtjen Place	Tampa	Florida	33680
Aaron	Jenkins	1-(817)183-5050	84784 Quincy Junction	84784 Quincy Junction	Fort Worth	Texas	76110
Jessica	Pierce	1-(831)595-7918	69967 Starling Circle	69967 Starling Circle	Salinas	California	93907
Evelyn	Reed	1-(626)661-7682	4040 Bartillon Drive	4040 Bartillon Drive	Pasadena	California	91125
Johnny	Warren	1-(915)157-2447	02186 Mccormick Way	02186 Mccormick Way	El Paso	Texas	79994
Fred	Ward	1-(718)974-7405	5485 Lukken Center	5485 Lukken Center	Brooklyn	New York	11205
Beverly	Brown	1-(615)228-9071	20706 Maryland Alley	20706 Maryland Alley	Nashville	Tennessee	37240
Beverly	Cole	1-(760)926-1065	1 Di Loreto Lane	1 Di Loreto Lane	Carlsbad	California	92013
Ruth	Hill	1-(337)400-8915	2 Shoshone Plaza	2 Shoshone Plaza	Lafayette	Louisiana	70505
Helen	Kelly	1-(704)336-4624	85915 Shoshone Circle	85915 Shoshone Circle	Charlotte	North Carolina	28225
Diane	Berry	1-(915)156-8276	03 Kedzie Drive	03 Kedzie Drive	El Paso	Texas	88535
Russell	Morrison	1-(781)536-6432	45136 Maryland Hill	45136 Maryland Hill	Lynn	Massachusetts	01905
Diana	Fernandez	1-(850)716-3178	10 John Wall Street	10 John Wall Street	Pensacola	Florida	32590
Brenda	Price	1-(719)978-2686	6601 Havey Place	6601 Havey Place	Colorado Springs	Colorado	80905
Roger	Ryan	1-(407)121-2638	16032 Morningstar Junction	16032 Morningstar Junction	Orlando	Florida	32891
Samuel	Lewis	1-(719)225-1678	1 Mariners Cove Circle	1 Mariners Cove Circle	Colorado Springs	Colorado	80910
William	Dixon	1-(406)408-6856	7294 Magdeline Junction	7294 Magdeline Junction	Billings	Montana	59112
Ashley	Fowler	1-(217)967-9977	657 Bartelt Junction	657 Bartelt Junction	Springfield	Illinois	62764
Jennifer	Henderson	1-(612)147-1299	4775 Veith Way	4775 Veith Way	Saint Paul	Minnesota	55103
Judy	Fisher	1-(805)920-3472	30576 Del Sol Junction	30576 Del Sol Junction	San Luis Obispo	California	93407
Charles	Garza	1-(314)295-6084	70 Waxwing Avenue	70 Waxwing Avenue	Saint Louis	Missouri	63150
Linda	George	1-(915)348-7394	5 Coleman Parkway	5 Coleman Parkway	El Paso	Texas	88546
Jeremy	Lane	1-(816)189-1019	16 Pierstorff Way	16 Pierstorff Way	Kansas City	Missouri	64153
Kelly	Bennett	1-(585)430-7708	23938 Ronald Regan Alley	23938 Ronald Regan Alley	Rochester	New York	14609
Janice	Reyes	1-(859)884-3419	3 Glendale Center	3 Glendale Center	Lexington	Kentucky	40505
Brenda	Ruiz	1-(916)253-4987	7 Boyd Junction	7 Boyd Junction	Sacramento	California	94237
Antonio	Harris	1-(504)249-1541	57 Burning Wood Road	57 Burning Wood Road	New Orleans	Louisiana	70116
Raymond	Miller	1-(502)473-6888	01 Sugar Circle	01 Sugar Circle	Louisville	Kentucky	40225
Anne	Moore	1-(916)686-8982	3 Springs Road	3 Springs Road	Sacramento	California	94273
Mildred	Ford	1-(816)234-6350	521 Lukken Junction	521 Lukken Junction	Kansas City	Missouri	64114
Beverly	Crawford	1-(253)104-9580	2792 Pennsylvania Trail	2792 Pennsylvania Trail	Tacoma	Washington	98464
Virginia	Reyes	1-(978)998-4109	9 Sauthoff Avenue	9 Sauthoff Avenue	Watertown	Massachusetts	02472
Kathy	Cox	1-(954)249-9059	83301 New Castle Plaza	83301 New Castle Plaza	Pompano Beach	Florida	33064
Theresa	Andrews	1-(212)906-0869	5 Maple Terrace	5 Maple Terrace	New York City	New York	10105
Howard	Stanley	1-(217)747-6671	8485 Oakridge Drive	8485 Oakridge Drive	Champaign	Illinois	61825
Janice	Lewis	1-(208)541-6746	508 Oak Point	508 Oak Point	Boise	Idaho	83716
Carolyn	Crawford	1-(763)455-1641	13063 Meadow Vale Park	13063 Meadow Vale Park	Monticello	Minnesota	55585
Nicole	Lawson	1-(786)447-9766	874 Charing Cross Point	874 Charing Cross Point	Hialeah	Florida	33018
Gary	Stanley	1-(404)803-0612	5 Carberry Plaza	5 Carberry Plaza	Atlanta	Georgia	31132
Betty	Hunt	1-(330)229-6235	261 Oriole Street	261 Oriole Street	Youngstown	Ohio	44505
Brian	Jones	1-(615)564-6229	0021 Northridge Park	0021 Northridge Park	Nashville	Tennessee	37228
Todd	Hunter	1-(812)493-2525	613 Oxford Crossing	613 Oxford Crossing	Evansville	Indiana	47719
Kathy	Harrison	1-(727)438-3744	6 Dahle Plaza	6 Dahle Plaza	Largo	Florida	34643
Theresa	Harrison	1-(505)786-2610	36 Kropf Junction	36 Kropf Junction	Albuquerque	New Mexico	87190
Walter	Cox	1-(812)420-9563	99 Weeping Birch Terrace	99 Weeping Birch Terrace	Evansville	Indiana	47719
Ernest	Parker	1-(305)604-6062	1 Coolidge Junction	1 Coolidge Junction	Miami Beach	Florida	33141
Jeffrey	Ross	1-(240)165-0807	6726 Columbus Court	6726 Columbus Court	Silver Spring	Maryland	20918
Jimmy	Russell	1-(925)333-1889	5424 Menomonie Court	5424 Menomonie Court	Hayward	California	94544
Eugene	Schmidt	1-(530)900-6154	77735 Oak Plaza	77735 Oak Plaza	South Lake Tahoe	California	96154
Amanda	Hudson	1-(860)292-5742	987 Coolidge Park	987 Coolidge Park	Hartford	Connecticut	06105
Michael	Graham	1-(202)154-2557	04858 Ilene Plaza	04858 Ilene Plaza	Washington	District of Columbia	20508
Dorothy	Garcia	1-(504)169-0904	3537 Summer Ridge Pass	3537 Summer Ridge Pass	New Orleans	Louisiana	70149
Angela	Hall	1-(443)736-0508	22 Golf View Place	22 Golf View Place	Baltimore	Maryland	21211
Annie	Alexander	1-(202)221-7739	06 Pepper Wood Street	06 Pepper Wood Street	Washington	District of Columbia	20404
Jerry	Ferguson	1-(608)267-1137	434 Di Loreto Lane	434 Di Loreto Lane	Madison	Wisconsin	53705
Earl	Long	1-(517)468-0635	5 New Castle Way	5 New Castle Way	Lansing	Michigan	48912
Mildred	Dixon	1-(304)835-7308	70819 American Ash Circle	70819 American Ash Circle	Charleston	West Virginia	25313
Ann	Watkins	1-(919)725-4396	118 Elmside Trail	118 Elmside Trail	Raleigh	North Carolina	27610
Henry	Vasquez	1-(816)795-4709	8 Carioca Trail	8 Carioca Trail	Kansas City	Missouri	64153
Rebecca	Phillips	1-(323)421-6529	65021 Summer Ridge Alley	65021 Summer Ridge Alley	North Hollywood	California	91606
Jessica	Bell	1-(801)898-7774	73 Lotheville Lane	73 Lotheville Lane	Salt Lake City	Utah	84135
Amy	Anderson	1-(619)952-3092	30736 Victoria Way	30736 Victoria Way	San Diego	California	92196
Betty	Cunningham	1-(512)243-9370	10 Fairview Drive	10 Fairview Drive	Austin	Texas	78703
Juan	Hart	1-(615)720-9373	7 Acker Trail	7 Acker Trail	Memphis	Tennessee	38119
Peter	Welch	1-(720)210-4102	70000 Jenna Avenue	70000 Jenna Avenue	Denver	Colorado	80299
Melissa	Banks	1-(330)104-2930	96 Southridge Circle	96 Southridge Circle	Akron	Ohio	44305
Jesse	Gardner	1-(915)845-0987	3011 Drewry Alley	3011 Drewry Alley	El Paso	Texas	79950
Johnny	Reid	1-(801)621-3658	91 Independence Junction	91 Independence Junction	Salt Lake City	Utah	84152
Kathy	Spencer	1-(410)935-5482	0462 Old Shore Plaza	0462 Old Shore Plaza	Baltimore	Maryland	21265
Doris	Richardson	1-(609)468-7629	66890 Daystar Alley	66890 Daystar Alley	Trenton	New Jersey	08638
Jerry	Perry	1-(304)943-0891	87 Steensland Point	87 Steensland Point	Charleston	West Virginia	25331
Nicole	Riley	1-(210)886-6562	83851 Farragut Trail	83851 Farragut Trail	San Antonio	Texas	78265
Lois	Diaz	1-(808)614-1520	1 Hollow Ridge Center	1 Hollow Ridge Center	Honolulu	Hawaii	96810
Amy	Taylor	1-(864)244-5331	48 Redwing Junction	48 Redwing Junction	Greenville	South Carolina	29610
Carl	Ward	1-(913)796-2557	32 Westend Hill	32 Westend Hill	Kansas City	Kansas	66105
Brandon	Lawrence	1-(503)451-2312	1333 Iowa Court	1333 Iowa Court	Portland	Oregon	97229
Daniel	Ray	1-(513)615-5222	4361 Tennyson Plaza	4361 Tennyson Plaza	Cincinnati	Ohio	45271
Katherine	Weaver	1-(484)676-8712	5945 Michigan Lane	5945 Michigan Lane	Reading	Pennsylvania	19605
Marilyn	Bailey	1-(757)207-0021	1168 Welch Park	1168 Welch Park	Norfolk	Virginia	23509
Jacqueline	Berry	1-(860)962-8318	45 Stuart Circle	45 Stuart Circle	Hartford	Connecticut	06120
Kenneth	Romero	1-(716)392-2874	3489 Arrowood Junction	3489 Arrowood Junction	Buffalo	New York	14225
Kathy	Alexander	1-(602)102-1722	62281 Jay Hill	62281 Jay Hill	Phoenix	Arizona	85077
Kelly	Welch	1-(940)804-9920	230 Montana Place	230 Montana Place	Wichita Falls	Texas	76305
Jeffrey	Boyd	1-(561)741-8115	275 Crescent Oaks Point	275 Crescent Oaks Point	Boca Raton	Florida	33499
Victor	Barnes	1-(816)462-7761	805 Ridgeway Center	805 Ridgeway Center	Kansas City	Missouri	64125
Janet	Gardner	1-(915)544-5799	2356 Armistice Alley	2356 Armistice Alley	El Paso	Texas	88514
Shawn	Banks	1-(754)329-4374	72970 Packers Circle	72970 Packers Circle	Pompano Beach	Florida	33069
Craig	Ellis	1-(334)823-1994	53 Corry Alley	53 Corry Alley	Montgomery	Alabama	36114
Antonio	Porter	1-(315)224-9043	6357 Melody Place	6357 Melody Place	Syracuse	New York	13217
Marie	Fisher	1-(314)180-1119	7 Manley Drive	7 Manley Drive	Saint Louis	Missouri	63104
